City_ID,City,Country,Date,Lat,Lng,Max Temp,Humidity,Cloudiness,Wind Speed
0,Vaini,TO,2022-10-13 01:08:07,-21.2,-175.2,80.76,78,20,11.5
1,Ostrovnoy,RU,2022-10-13 01:13:34,68.0531,39.5131,37.13,90,9,13.04
2,Ilulissat,GL,2022-10-13 01:06:48,69.2167,-51.1,28.42,64,100,5.75
3,Norman Wells,CA,2022-10-13 01:14:40,65.282,-126.8329,26.19,87,73,4.47
4,Bethel,US,2022-10-13 01:10:59,41.3712,-73.414,61.16,82,0,5.75
5,Atuona,PF,2022-10-13 01:07:55,-9.8,-139.0333,77.36,77,16,19.19
6,Ust-Kulom,RU,2022-10-13 01:14:40,61.6864,53.6902,41.2,92,100,2.68
7,Rikitea,PF,2022-10-13 01:07:53,-23.1203,-134.9692,69.04,62,0,14.09
8,Nabire,ID,2022-10-13 01:14:41,-3.3667,135.4833,83.55,74,95,3.71
9,San Patricio,US,2022-10-13 01:09:42,28.017,-97.5169,84.29,71,11,4.88
10,Albany,US,2022-10-13 01:09:45,42.6001,-73.9662,61.21,67,100,3.0
11,Geraldton,AU,2022-10-13 01:13:51,-28.7667,114.6,64.81,39,0,17.27
12,Bardiyah,LY,2022-10-13 01:14:42,31.7561,25.0865,70.79,80,0,6.96
13,Cap Malheureux,MU,2022-10-13 01:14:42,-19.9842,57.6142,70.47,68,7,5.01
14,Carnarvon,AU,2022-10-13 01:11:09,-24.8667,113.6333,67.95,29,0,19.93
15,Tasiilaq,GL,2022-10-13 01:14:42,65.6145,-37.6368,30.36,94,100,5.5
16,Yar-Sale,RU,2022-10-13 01:14:03,66.8333,70.8333,37.2,84,100,7.78
17,Kalabo,ZM,2022-10-13 01:14:43,-14.97,22.6814,70.52,32,78,6.04
18,College,US,2022-10-13 01:14:43,64.8569,-147.8028,29.07,81,75,8.05
19,Baruun-Urt,MN,2022-10-13 01:14:44,46.6806,113.2792,42.01,39,0,9.04
20,Tuktoyaktuk,CA,2022-10-13 01:14:44,69.4541,-133.0374,26.42,77,9,3.38
21,Ossora,RU,2022-10-13 01:14:44,59.2353,163.0719,33.87,90,100,12.35
22,Port Alfred,ZA,2022-10-13 01:07:48,-33.5906,26.891,67.17,93,100,4.0
23,Hermanus,ZA,2022-10-13 01:07:54,-34.4187,19.2345,64.8,91,86,5.44
24,Andenes,NO,2022-10-13 01:14:45,69.3143,16.1194,44.58,87,100,18.41
25,Kaitangata,NZ,2022-10-13 01:11:11,-46.2817,169.8464,53.96,55,26,9.57
26,Puerto Ayora,EC,2022-10-13 01:14:46,-0.7393,-90.3518,67.55,87,12,5.01
27,Bull Savanna,JM,2022-10-13 01:13:31,17.8868,-77.5902,77.41,83,98,6.29
28,Ushuaia,AR,2022-10-13 01:07:43,-54.8,-68.3,35.26,80,75,27.63
29,Kavieng,PG,2022-10-13 01:14:21,-2.5744,150.7967,84.34,68,100,7.36
30,Bredasdorp,ZA,2022-10-13 01:08:08,-34.5322,20.0403,62.65,93,100,2.55
31,Gejiu,CN,2022-10-13 01:14:47,23.306,103.1635,52.92,88,99,3.78
32,Umm Kaddadah,SD,2022-10-13 01:14:47,13.6017,26.6876,84.29,22,60,14.32
33,Kinablangan,PH,2022-10-13 01:14:47,7.6947,126.5503,85.68,64,99,3.04
34,Klaksvik,FO,2022-10-13 01:14:48,62.2266,-6.589,47.32,76,100,21.23
35,Fortuna,US,2022-10-13 01:14:48,40.5982,-124.1573,54.66,90,100,10.36
36,Arraial Do Cabo,BR,2022-10-13 01:14:48,-22.9661,-42.0278,69.78,94,14,4.65
37,Coihaique,CL,2022-10-13 01:10:46,-45.5752,-72.0662,37.35,56,75,8.05
38,Los Llanos De Aridane,ES,2022-10-13 01:10:27,28.6585,-17.9182,67.75,81,40,13.8
39,Igarka,RU,2022-10-13 01:14:49,67.4667,86.5833,33.49,85,98,11.59
40,Yellowknife,CA,2022-10-13 01:10:26,62.456,-114.3525,33.57,55,14,13.0
41,Punta Arenas,CL,2022-10-13 01:12:51,-53.15,-70.9167,35.71,69,40,18.41
42,Ancud,CL,2022-10-13 01:07:51,-41.8697,-73.8203,41.77,67,23,8.46
43,Manggar,ID,2022-10-13 01:14:50,-2.8833,108.2667,81.45,74,97,1.48
44,Mar Del Plata,AR,2022-10-13 01:08:08,-38.0023,-57.5575,56.08,71,0,1.01
45,Jimenez,MX,2022-10-13 01:14:50,28.3333,-105.4,76.01,31,0,6.91
46,East London,ZA,2022-10-13 01:10:30,-33.0153,27.9116,69.13,88,100,16.11
47,Meadow Lake,US,2022-10-13 01:14:51,34.8014,-106.5436,71.71,40,0,1.32
48,Ribeira Grande,PT,2022-10-13 01:10:21,38.5167,-28.7,72.77,78,90,5.99
49,Hilo,US,2022-10-13 01:13:56,19.7297,-155.09,89.28,74,0,10.36
50,Cowra,AU,2022-10-13 01:14:51,-33.8333,148.6833,67.73,69,100,11.7
51,Saint George,US,2022-10-13 01:14:51,37.1041,-113.5841,84.79,15,0,0.0
52,Porto Santo,PT,2022-10-13 01:14:52,33.072,-16.3415,70.18,78,40,11.5
53,Eureka,US,2022-10-13 01:11:25,40.8021,-124.1637,77.74,82,38,1.99
54,Cape Town,ZA,2022-10-13 01:14:52,-33.9258,18.4232,63.27,88,100,8.01
55,Bluff,NZ,2022-10-13 01:08:17,-46.6,168.3333,50.09,58,69,5.28
56,Bonavista,CA,2022-10-13 01:14:12,48.6499,-53.1147,48.72,79,48,12.08
57,Thinadhoo,MV,2022-10-13 01:14:53,0.5333,72.9333,80.83,76,100,14.58
58,Mount Gambier,AU,2022-10-13 01:13:20,-37.8333,140.7667,53.51,94,75,9.22
59,Khatanga,RU,2022-10-13 01:10:30,71.9667,102.5,25.29,97,97,6.2
60,Saldanha,ZA,2022-10-13 01:10:34,-33.0117,17.9442,59.61,93,99,14.07
61,New Norfolk,AU,2022-10-13 01:14:54,-42.7826,147.0587,62.1,74,100,1.99
62,Bowen,AU,2022-10-13 01:14:54,-20.0167,148.2333,77.47,60,0,18.52
63,Sukhothai,TH,2022-10-13 01:14:54,17.25,99.6667,76.28,92,24,1.92
64,Gbadolite,CD,2022-10-13 01:14:55,4.2833,21.0167,69.24,97,93,3.0
65,Orito,CO,2022-10-13 01:14:55,0.6766,-76.8771,76.08,75,87,3.62
66,Parfino,RU,2022-10-13 01:14:55,57.9731,31.6481,37.83,93,10,4.21
67,Betong,TH,2022-10-13 01:14:56,5.7743,101.0723,75.69,91,53,0.87
68,Nikolskoye,RU,2022-10-13 01:10:23,59.7035,30.7861,39.09,83,66,2.64
69,Avarua,CK,2022-10-13 01:14:56,-21.2078,-159.775,80.65,78,75,16.11
70,Barrow,US,2022-10-13 01:14:06,71.2906,-156.7887,30.22,86,100,11.5
71,Kapaa,US,2022-10-13 01:08:09,22.0752,-159.319,76.1,91,100,9.22
72,Clyde River,CA,2022-10-13 01:13:22,70.4692,-68.5914,14.02,85,36,6.85
73,Venezuela,VE,2022-10-13 01:14:57,8.0,-66.0,82.74,66,100,9.19
74,Hobart,AU,2022-10-13 01:05:10,-42.8794,147.3294,62.46,84,100,14.97
75,Tiksi,RU,2022-10-13 01:10:07,71.6872,128.8694,20.93,86,100,7.38
76,Sao Filipe,CV,2022-10-13 01:10:25,14.8961,-24.4956,79.27,81,100,5.26
77,Kamenka,RU,2022-10-13 01:14:58,51.3223,42.7678,38.8,80,6,7.27
78,Port-Gentil,GA,2022-10-13 01:14:58,-0.7193,8.7815,78.22,85,100,10.89
79,Lebanon,US,2022-10-13 01:13:29,36.2081,-86.2911,62.65,91,100,11.5
80,Maxixe,MZ,2022-10-13 01:14:59,-23.8597,35.3472,69.67,92,10,4.23
81,Honiara,SB,2022-10-13 01:14:59,-9.4333,159.95,83.86,75,100,4.7
82,Bathsheba,BB,2022-10-13 01:11:01,13.2167,-59.5167,81.21,83,40,13.8
83,Sibolga,ID,2022-10-13 01:14:59,1.7427,98.7792,79.7,73,100,1.34
84,Beloha,MG,2022-10-13 01:15:00,-25.1667,45.05,67.41,84,0,3.38
85,Seoul,KR,2022-10-13 01:13:13,37.5683,126.9778,62.04,43,1,2.64
86,Atar,MR,2022-10-13 01:15:00,20.5169,-13.0499,85.39,32,7,11.14
87,Maragogi,BR,2022-10-13 01:15:01,-9.0122,-35.2225,74.86,85,84,11.23
88,South Sioux City,US,2022-10-13 01:15:02,42.4739,-96.4136,55.0,32,20,11.99
89,Tambo,PE,2022-10-13 01:15:02,-14.8,-73.9167,33.66,35,1,1.95
90,Mama,RU,2022-10-13 01:15:03,58.3106,112.8986,35.87,95,100,5.3
91,Sitka,US,2022-10-13 01:11:36,57.0531,-135.33,58.89,82,100,19.57
92,Longyearbyen,SJ,2022-10-13 01:14:20,78.2186,15.6401,35.44,69,40,10.36
93,Jamestown,US,2022-10-13 01:14:04,42.097,-79.2353,67.59,67,100,12.66
94,Sumenep,ID,2022-10-13 01:15:04,-7.0167,113.8667,83.52,69,81,3.02
95,Sao Joao Da Barra,BR,2022-10-13 01:13:54,-21.6403,-41.0511,73.9,86,0,19.13
96,Noumea,NC,2022-10-13 01:12:45,-22.2763,166.4572,78.78,67,84,13.29
97,Ahipara,NZ,2022-10-13 01:11:12,-35.1667,173.1667,62.69,63,72,5.1
98,Roebourne,AU,2022-10-13 01:15:05,-20.7833,117.1333,75.67,27,18,27.04
99,Prince Rupert,CA,2022-10-13 01:10:58,54.3161,-130.3201,56.08,79,82,2.21
100,Roald,NO,2022-10-13 01:15:06,62.5833,6.1333,54.52,93,100,11.5
101,Tutoia,BR,2022-10-13 01:15:06,-2.7619,-42.2744,80.06,79,10,12.62
102,Provideniya,RU,2022-10-13 01:15:07,64.3833,-173.3,32.36,64,0,2.24
103,Dedougou,BF,2022-10-13 01:15:07,12.4667,-3.4667,79.57,55,0,6.35
104,Luanda,AO,2022-10-13 01:10:44,-8.8368,13.2343,75.2,83,75,5.75
105,Mataura,NZ,2022-10-13 01:07:45,-46.1927,168.8643,56.73,43,3,3.69
106,Stutterheim,ZA,2022-10-13 01:15:08,-32.5708,27.424,70.11,50,100,5.3
107,Baru,ID,2022-10-13 01:15:08,-7.0525,112.3901,83.21,70,99,3.8
108,Butaritari,KI,2022-10-13 01:09:48,3.0707,172.7902,82.2,73,6,21.25
109,Snasa,NO,2022-10-13 01:15:09,64.2457,12.3778,43.97,86,100,4.38
110,Vung Tau,VN,2022-10-13 01:15:09,10.346,107.0843,77.72,86,85,9.1
111,Hostotipaquillo,MX,2022-10-13 01:15:10,21.0667,-104.0667,66.27,51,73,3.91
112,Chokurdakh,RU,2022-10-13 01:15:10,70.6333,147.9167,7.25,85,33,4.54
113,Shenavan,AM,2022-10-13 01:15:10,40.0549,43.9288,52.38,62,75,8.05
114,Saskylakh,RU,2022-10-13 01:15:11,71.9167,114.0833,20.62,97,100,4.68
115,Busselton,AU,2022-10-13 01:10:09,-33.65,115.3333,54.82,63,64,1.5
116,Tuatapere,NZ,2022-10-13 01:10:39,-46.1333,167.6833,53.78,54,12,5.73
117,Nizhniy Odes,RU,2022-10-13 01:15:12,63.6445,54.856,38.07,91,100,4.09
118,Eyl,SO,2022-10-13 01:15:12,7.9803,49.8164,78.28,74,100,10.49
119,Jeremie,HT,2022-10-13 01:15:12,18.65,-74.1167,81.01,79,91,1.5
120,Salalah,OM,2022-10-13 01:10:59,17.0151,54.0924,77.09,73,40,5.75
121,Grindavik,IS,2022-10-13 01:15:13,63.8424,-22.4338,37.35,87,40,8.05
122,Georgetown,MY,2022-10-13 01:06:39,5.4112,100.3354,80.53,88,40,0.0
123,Touros,BR,2022-10-13 01:10:03,-5.1989,-35.4608,77.23,81,7,15.43
124,Talnakh,RU,2022-10-13 01:07:56,69.4865,88.3972,30.34,86,95,6.8
125,Grand Bank,CA,2022-10-13 01:15:14,47.0999,-55.765,48.2,80,3,9.15
126,Carmelo,UY,2022-10-13 01:15:14,-33.9892,-58.2856,65.59,43,14,18.34
127,Yermakovskoye,RU,2022-10-13 01:15:15,53.2831,92.4003,36.77,86,100,6.42
128,Inhambane,MZ,2022-10-13 01:15:17,-23.865,35.3833,70.63,91,12,4.88
129,Rawson,AR,2022-10-13 01:11:42,-43.3002,-65.1023,48.78,40,1,14.47
130,Daru,PG,2022-10-13 01:15:17,-9.0763,143.2092,83.16,77,97,11.88
131,Torbay,CA,2022-10-13 01:03:20,47.6666,-52.7314,51.28,87,61,3.0
132,Hauterive,FR,2022-10-13 01:15:18,46.0901,3.4459,56.16,96,76,2.53
133,Qaanaaq,GL,2022-10-13 01:09:37,77.484,-69.3632,5.95,63,19,8.5
134,Port Lincoln,AU,2022-10-13 01:13:20,-34.7333,135.8667,58.66,69,89,20.24
135,Sola,VU,2022-10-13 01:10:02,-13.8833,167.55,81.25,73,50,14.74
136,Muborak,UZ,2022-10-13 01:15:19,39.2553,65.1528,57.07,14,0,2.44
137,Chuy,UY,2022-10-13 01:09:45,-33.6971,-53.4616,56.3,72,0,8.55
138,Paita,PE,2022-10-13 01:15:20,-5.0892,-81.1144,63.34,84,6,16.33
139,Alpena,US,2022-10-13 01:15:20,45.0617,-83.4327,51.19,96,75,8.05
140,Ntungamo,UG,2022-10-13 01:15:20,-0.8833,29.65,61.14,93,100,3.6
141,Leningradskiy,RU,2022-10-13 01:11:33,69.3833,178.4167,18.79,75,72,6.64
142,Malindi,KE,2022-10-13 01:13:59,-3.2175,40.1191,74.5,76,6,14.47
143,Port Elizabeth,ZA,2022-10-13 01:15:21,-33.918,25.5701,66.49,97,100,5.75
144,Jiupu,CN,2022-10-13 01:15:21,41.0667,122.95,59.38,61,100,10.47
145,Dikson,RU,2022-10-13 01:07:47,73.5069,80.5464,30.04,72,100,8.43
146,Los Andes,CL,2022-10-13 01:15:22,-32.8337,-70.5983,60.01,49,0,1.79
147,Adrar,MR,2022-10-13 01:13:52,20.5022,-10.0711,83.84,29,100,15.35
148,Mogadishu,SO,2022-10-13 01:15:22,2.0371,45.3438,76.73,86,5,15.95
149,Katsuura,JP,2022-10-13 01:09:57,35.1333,140.3,66.15,94,100,18.37
150,Necochea,AR,2022-10-13 01:15:24,-38.5473,-58.7368,51.24,68,83,4.21
151,Paragominas,BR,2022-10-13 01:15:24,-2.9667,-47.4833,77.31,67,17,4.59
152,Bentiu,SS,2022-10-13 01:15:24,9.2333,29.8333,72.07,86,18,4.27
153,Sagua La Grande,CU,2022-10-13 01:15:25,22.8067,-80.0756,79.79,89,31,7.45
154,Kodiak,US,2022-10-13 01:11:40,57.79,-152.4072,42.31,52,75,20.71
155,Nome,US,2022-10-13 01:12:57,64.5011,-165.4064,37.17,69,40,3.44
156,Ballina,AU,2022-10-13 01:15:26,-28.8667,153.5667,73.02,75,13,9.64
157,Comodoro Rivadavia,AR,2022-10-13 01:15:26,-45.8667,-67.5,48.06,18,0,12.66
158,Fort Nelson,CA,2022-10-13 01:10:22,58.8053,-122.7002,48.83,48,91,4.63
159,Skjervoy,NO,2022-10-13 01:15:26,70.0311,20.9714,39.2,69,94,7.83
160,Hay River,CA,2022-10-13 01:15:27,60.8156,-115.7999,33.78,60,20,4.61
161,Deputatskiy,RU,2022-10-13 01:15:27,69.3,139.9,4.23,86,2,3.91
162,San Andres,CO,2022-10-13 01:15:28,12.5847,-81.7006,82.9,81,67,16.84
163,Pitimbu,BR,2022-10-13 01:15:28,-7.4706,-34.8086,77.59,81,100,14.12
164,Lazaro Cardenas,MX,2022-10-13 01:15:29,17.9583,-102.2,81.27,82,100,2.26
165,Resistencia,AR,2022-10-13 01:15:29,-27.4606,-58.9839,67.08,61,0,8.05
166,Karratha,AU,2022-10-13 01:15:30,-20.7377,116.8463,75.87,26,5,26.98
167,Tromso,NO,2022-10-13 01:11:35,69.6496,18.957,42.82,70,100,14.97
168,Port Blair,IN,2022-10-13 01:15:30,11.6667,92.75,78.84,100,40,0.0
169,Hithadhoo,MV,2022-10-13 01:10:37,-0.6,73.0833,80.71,74,100,14.0
170,Uige,AO,2022-10-13 01:15:30,-7.6087,15.0613,67.62,95,65,3.36
171,Chernihiv,UA,2022-10-13 01:15:31,51.0,32.0,47.95,64,100,4.45
172,Kaeo,NZ,2022-10-13 01:15:31,-35.1,173.7833,61.83,63,100,8.19
173,Fuxin,CN,2022-10-13 01:15:32,42.0156,121.6589,59.13,42,100,7.92
174,Severnyy,RU,2022-10-13 01:15:32,50.677,36.5532,41.04,93,0,6.71
175,Vikhorevka,RU,2022-10-13 01:15:32,56.1201,101.1636,35.19,98,100,3.83
176,Kimberley,ZA,2022-10-13 01:14:17,-28.7323,24.7623,67.33,21,0,11.86
177,Khani,GE,2022-10-13 01:15:33,41.9563,42.9566,42.37,69,100,4.12
178,Boyolangu,ID,2022-10-13 01:15:33,-8.1181,111.8935,79.99,76,44,8.14
179,Leon,MX,2022-10-13 01:15:04,21.1167,-101.6667,71.65,50,97,4.09
180,Chernyshevskiy,RU,2022-10-13 01:15:34,63.0128,112.4714,31.91,95,100,8.55
181,Boa Vista,BR,2022-10-13 01:14:08,2.8197,-60.6733,80.58,69,20,5.75
182,Porto Velho,BR,2022-10-13 01:15:35,-8.7619,-63.9039,73.45,94,75,6.91
183,Nishihara,JP,2022-10-13 01:15:35,26.1842,127.7558,83.86,76,100,19.57
184,Cockburn Town,TC,2022-10-13 01:15:35,21.4612,-71.1419,82.35,76,99,16.82
185,Nouadhibou,MR,2022-10-13 01:15:36,20.931,-17.0347,73.38,68,0,23.02
186,Bairiki,KI,2022-10-13 01:15:36,1.3292,172.9752,86.0,70,40,12.66
187,Tarko-Sale,RU,2022-10-13 01:11:48,64.9225,77.785,36.66,76,100,5.59
188,Tazovskiy,RU,2022-10-13 01:15:36,67.4667,78.7,34.75,78,99,4.85
189,Dingle,PH,2022-10-13 01:15:37,10.9995,122.6711,83.82,77,100,9.1
190,Mbuji-Mayi,CD,2022-10-13 01:10:59,-6.15,23.6,68.77,84,70,1.77
191,Khash,IR,2022-10-13 01:15:37,28.2211,61.2158,59.34,19,0,2.98
192,Biak,ID,2022-10-13 01:15:38,-0.9131,122.8766,82.26,68,100,3.31
193,Sabha,LY,2022-10-13 01:15:38,27.0377,14.4283,73.85,26,0,10.07
194,Kasiri,SL,2022-10-13 01:15:38,8.9412,-13.1148,73.35,93,76,3.8
195,Constitucion,CL,2022-10-13 01:09:53,-35.3333,-72.4167,50.56,85,8,15.52
196,Laguna,US,2022-10-13 01:15:39,38.421,-121.4238,85.32,48,0,10.36
197,Coquimbo,CL,2022-10-13 01:15:39,-29.9533,-71.3436,55.13,87,0,8.05
198,Puebla,MX,2022-10-13 01:15:40,18.8333,-98.0,67.57,72,100,3.65
199,Beringovskiy,RU,2022-10-13 01:08:15,63.05,179.3167,32.76,62,88,6.31
200,Freeport,US,2022-10-13 01:13:34,40.6576,-73.5832,63.37,79,0,13.8
201,Dubuque,US,2022-10-13 01:13:10,42.4833,-90.8668,52.63,58,40,17.27
202,Shimoda,JP,2022-10-13 01:14:47,34.6667,138.95,60.1,92,100,20.0
203,Cravo Norte,CO,2022-10-13 01:15:40,6.3017,-70.2041,77.79,84,82,3.38
204,Saint-Pierre,RE,2022-10-13 01:15:41,-21.3393,55.4781,72.57,63,0,6.91
205,Sakakah,SA,2022-10-13 01:14:29,29.9697,40.2064,72.97,30,6,3.56
206,Bozoum,CF,2022-10-13 01:15:41,6.3193,16.3799,67.19,98,100,0.63
207,Kupang,ID,2022-10-13 01:15:42,-10.1667,123.5833,84.74,61,23,5.59
208,Saint-Philippe,RE,2022-10-13 01:15:42,-21.3585,55.7679,65.79,79,19,9.95
209,Anadyr,RU,2022-10-13 01:15:43,64.75,177.4833,25.3,62,0,6.71
210,Raichur,IN,2022-10-13 01:15:43,16.2,77.3667,71.35,96,100,14.58
211,Duncan,US,2022-10-13 01:15:44,34.5023,-97.9578,71.82,30,0,4.61
212,Shingu,JP,2022-10-13 01:15:44,33.7333,135.9833,69.22,77,100,16.17
213,New Iberia,US,2022-10-13 01:15:46,30.0035,-91.8187,78.98,88,0,5.75
214,Alice Springs,AU,2022-10-13 01:14:07,-23.7,133.8833,62.15,55,75,13.8
215,Dire Dawa,ET,2022-10-13 01:15:46,9.5931,41.8661,69.89,59,0,6.29
216,Berlevag,NO,2022-10-13 01:15:46,70.8578,29.0864,42.8,81,100,18.41
217,Upernavik,GL,2022-10-13 01:08:00,72.7868,-56.1549,13.39,77,1,5.64
218,Jalu,LY,2022-10-13 01:15:47,29.0331,21.5482,74.14,38,0,4.94
219,Meulaboh,ID,2022-10-13 01:15:47,4.1363,96.1285,78.1,84,100,3.22
220,Lebu,CL,2022-10-13 01:07:49,-37.6167,-73.65,48.76,81,4,15.12
221,Quepos,CR,2022-10-13 01:15:48,9.4236,-84.1652,78.49,87,100,1.83
222,Rawah,IQ,2022-10-13 01:15:48,34.4816,41.9093,73.49,28,100,2.91
223,Tarbagatay,RU,2022-10-13 01:15:49,51.4803,107.3602,27.93,57,21,3.91
224,Teguldet,RU,2022-10-13 01:15:49,57.3064,88.1667,34.99,97,100,5.75
225,Aquiraz,BR,2022-10-13 01:15:49,-3.9014,-38.3911,80.69,84,45,14.41
226,Simplicio Mendes,BR,2022-10-13 01:11:17,-7.8539,-41.9103,77.45,37,1,4.99
227,Shahr-E Kord,IR,2022-10-13 01:15:50,32.3256,50.8644,33.57,25,0,2.3
228,Alofi,NU,2022-10-13 01:11:41,-19.0595,-169.9187,80.49,78,75,10.36
229,Victoria,HK,2022-10-13 01:07:35,22.2855,114.1577,79.25,52,2,15.01
230,Olinda,BR,2022-10-13 01:15:51,-8.0089,-34.8553,78.53,73,40,13.8
231,Vestmanna,FO,2022-10-13 01:10:52,62.1564,-7.1664,45.52,87,100,14.97
232,Guerrero Negro,MX,2022-10-13 01:10:07,27.9769,-114.0611,69.76,79,100,16.93
233,Kalmunai,LK,2022-10-13 01:15:51,7.4167,81.8167,77.59,87,75,7.52
234,Marystown,CA,2022-10-13 01:15:51,47.1666,-55.1483,48.42,83,3,8.34
235,Cherskiy,RU,2022-10-13 01:10:29,68.75,161.3,14.11,83,100,5.84
236,Doume,CM,2022-10-13 01:15:52,4.2333,13.45,67.23,99,100,0.72
237,Raton,US,2022-10-13 01:15:52,36.9034,-104.4391,62.94,41,0,5.75
238,Mbala,ZM,2022-10-13 01:15:53,-8.8402,31.3659,58.32,52,0,8.32
239,Gushikawa,JP,2022-10-13 01:15:53,26.3544,127.8686,83.79,72,20,19.57
240,Faanui,PF,2022-10-13 01:09:56,-16.4833,-151.75,78.93,74,17,10.38
241,Husavik,IS,2022-10-13 01:15:53,66.0449,-17.3389,38.86,76,100,8.34
242,Bhawana,PK,2022-10-13 01:15:54,31.5692,72.649,71.89,48,0,4.09
243,Flin Flon,CA,2022-10-13 01:15:45,54.7682,-101.865,33.82,70,100,18.79
244,Kirtipur,NP,2022-10-13 01:15:54,27.6667,85.2833,64.33,94,75,2.3
245,Kulhudhuffushi,MV,2022-10-13 01:15:54,6.6221,73.07,80.4,80,100,17.36
246,Palauig,PH,2022-10-13 01:15:55,15.435,119.9045,85.24,64,100,2.42
247,Miri,MY,2022-10-13 01:15:55,4.4148,114.0089,82.54,78,40,12.66
248,Oga,IT,2022-10-13 01:15:56,46.4631,10.347,45.68,90,6,0.45
249,Namibe,AO,2022-10-13 01:15:56,-15.1961,12.1522,69.39,85,100,3.71
250,Paamiut,GL,2022-10-13 01:15:56,61.994,-49.6678,23.31,50,0,8.43
251,Collie,AU,2022-10-13 01:15:57,-33.3667,116.15,56.26,51,0,2.57
252,Kenai,US,2022-10-13 01:15:57,60.5544,-151.2583,40.14,46,100,16.11
253,Ambovombe,MG,2022-10-13 01:07:24,-25.1667,46.0833,67.19,82,0,5.88
254,Yumen,CN,2022-10-13 01:15:58,40.2833,97.2,45.45,49,5,13.49
255,Maumere,ID,2022-10-13 01:15:58,-8.6199,122.2111,83.98,66,29,7.81
256,Brus Laguna,HN,2022-10-13 01:15:58,15.75,-84.4833,75.74,96,82,2.75
257,Ponta Do Sol,PT,2022-10-13 01:08:03,32.6667,-17.1,72.23,73,20,4.92
258,Thompson,CA,2022-10-13 01:10:15,55.7435,-97.8558,32.88,88,99,17.34
259,Quatre Cocos,MU,2022-10-13 01:12:53,-20.2078,57.7625,70.09,77,28,13.47
260,Kaupanger,NO,2022-10-13 01:15:59,61.1845,7.2404,45.1,96,100,3.44
261,Hammerfest,NO,2022-10-13 01:15:59,70.6634,23.6821,41.45,81,75,19.57
262,Isangel,VU,2022-10-13 01:16:00,-19.55,169.2667,78.91,69,95,6.91
263,Pochutla,MX,2022-10-13 01:16:00,15.7432,-96.4661,78.82,94,94,2.89
264,Buchanan,LR,2022-10-13 01:16:01,5.8808,-10.0467,76.5,88,95,6.53
265,Soyo,AO,2022-10-13 01:16:01,-6.1349,12.3689,76.35,84,100,7.43
266,Asau,RO,2022-10-13 01:16:02,46.4333,26.4,51.28,94,100,0.81
267,Kahului,US,2022-10-13 01:09:41,20.8947,-156.47,87.82,72,40,8.05
268,Chase,CA,2022-10-13 01:16:02,50.8165,-119.6857,64.33,58,100,1.7
269,At-Bashi,KG,2022-10-13 01:16:02,41.1702,75.8106,37.49,43,0,1.25
270,Zaozerne,UA,2022-10-13 01:16:03,45.1582,33.2787,55.2,46,100,5.39
271,Aklavik,CA,2022-10-13 01:16:03,68.2191,-135.0107,23.0,89,100,2.95
272,North Bend,US,2022-10-13 01:16:03,43.4065,-124.2243,69.24,91,0,4.61
273,Kokopo,PG,2022-10-13 01:16:04,-4.352,152.2633,85.37,63,100,6.33
274,Saint-Paul,RE,2022-10-13 01:16:04,-21.0096,55.2707,73.0,100,0,3.51
275,Buraydah,SA,2022-10-13 01:16:04,26.326,43.975,68.45,17,0,11.21
276,Esperance,AU,2022-10-13 01:16:05,-33.8667,121.9,55.69,64,95,16.58
277,Padang,ID,2022-10-13 01:09:46,-0.9492,100.3543,77.05,81,100,0.98
278,Pevek,RU,2022-10-13 01:11:14,69.7008,170.3133,19.27,82,100,10.13
279,Ulety,RU,2022-10-13 01:16:06,51.3572,112.4849,39.25,60,9,3.49
280,Marsa Matruh,EG,2022-10-13 01:13:26,31.3525,27.2453,71.91,73,0,9.4
281,Shirgaon,IN,2022-10-13 01:16:06,19.7,72.7,79.36,80,97,4.36
282,Ambon,ID,2022-10-13 01:16:06,-3.6954,128.1814,87.94,70,40,3.44
283,Micheweni,TZ,2022-10-13 01:16:07,-4.9667,39.8333,73.06,79,6,10.94
284,Iqaluit,CA,2022-10-13 01:13:11,63.7506,-68.5145,17.11,89,67,3.38
285,Nantucket,US,2022-10-13 01:11:34,41.2835,-70.0995,60.91,82,0,8.05
286,Puerto Carreno,CO,2022-10-13 01:16:07,6.189,-67.4859,77.97,84,100,3.91
287,Ngerengere,TZ,2022-10-13 01:16:08,-6.75,38.1167,64.69,95,3,1.25
288,Sur,OM,2022-10-13 01:16:08,22.5667,59.5289,78.17,39,6,6.44
289,Airai,TL,2022-10-13 01:07:52,-8.9266,125.4092,71.65,63,6,2.06
290,Hayden,US,2022-10-13 01:16:08,47.766,-116.7866,67.08,49,0,3.44
291,Manokwari,ID,2022-10-13 01:16:09,-0.8667,134.0833,84.24,68,100,7.58
292,Whitehorse,CA,2022-10-13 01:16:09,60.7161,-135.0538,44.31,78,100,1.01
293,Lyuban,BY,2022-10-13 01:16:10,52.7985,28.0048,46.44,75,100,4.05
294,Pisco,PE,2022-10-13 01:11:11,-13.7,-76.2167,60.85,77,0,17.27
295,Sobolevo,RU,2022-10-13 01:16:10,54.4299,31.8996,43.16,74,100,4.03
296,Katobu,ID,2022-10-13 01:16:10,-4.9408,122.5276,84.2,68,46,3.85
297,Bengkulu,ID,2022-10-13 01:16:11,-3.8004,102.2655,75.16,90,100,2.86
298,Creston,US,2022-10-13 01:11:26,41.0586,-94.3614,53.33,40,0,10.36
299,Seymchan,RU,2022-10-13 01:16:11,62.8833,152.4333,13.37,86,100,1.86
300,Te Anau,NZ,2022-10-13 01:13:31,-45.4167,167.7167,55.54,47,4,2.62
301,Waitara,NZ,2022-10-13 01:16:12,-38.925,174.25,59.0,89,100,2.15
302,Egvekinot,RU,2022-10-13 01:16:12,66.3167,-179.1667,17.28,70,10,2.51
303,Meybod,IR,2022-10-13 01:16:12,32.2501,54.0166,64.42,20,1,7.27
304,Havelock,US,2022-10-13 01:16:13,34.8791,-76.9013,71.58,88,0,3.44
305,Kieta,PG,2022-10-13 01:11:49,-6.2167,155.6333,85.17,64,100,4.83
306,Nanortalik,GL,2022-10-13 01:11:43,60.1432,-45.2371,28.87,63,5,15.03
307,Darhan,MN,2022-10-13 01:16:13,49.4867,105.9228,39.92,58,11,8.28
308,Nemuro,JP,2022-10-13 01:16:14,43.3236,145.575,54.63,62,0,2.28
309,Port Keats,AU,2022-10-13 01:16:14,-14.25,129.55,89.8,49,5,9.17
310,Pinawa,CA,2022-10-13 01:16:14,50.1489,-95.8811,38.7,67,100,11.52
311,Verkhoshizhemye,RU,2022-10-13 01:16:15,58.011,49.1038,42.93,96,100,3.31
312,San Cristobal,VE,2022-10-13 01:13:30,7.7669,-72.225,69.98,95,97,2.35
313,Lima,PE,2022-10-13 01:14:44,-12.0432,-77.0282,59.9,83,100,6.91
314,Dryden,CA,2022-10-13 01:16:15,49.7833,-92.7503,39.49,81,100,14.97
315,Severo-Yeniseyskiy,RU,2022-10-13 01:16:16,60.3725,93.0408,30.09,97,100,4.47
316,Chapais,CA,2022-10-13 01:16:16,49.7834,-74.8492,49.78,86,100,14.0
317,Kidal,ML,2022-10-13 01:13:08,18.4411,1.4078,83.88,16,44,9.46
318,Dubreka,GN,2022-10-13 01:16:16,9.7911,-13.5233,76.35,93,100,5.82
319,Baturaja,ID,2022-10-13 01:16:17,-4.1333,104.1667,77.61,85,95,1.39
320,Dudinka,RU,2022-10-13 01:16:17,69.4058,86.1778,32.56,84,100,8.21
321,Castro,BR,2022-10-13 01:10:19,-24.7911,-50.0119,60.12,98,100,2.82
322,Cidreira,BR,2022-10-13 01:10:19,-30.1811,-50.2056,62.2,86,74,7.07
323,Ketchikan,US,2022-10-13 01:14:05,55.3422,-131.6461,55.38,87,100,8.05
324,Richards Bay,ZA,2022-10-13 01:16:18,-28.783,32.0377,72.93,89,96,10.69
325,Bubaque,GW,2022-10-13 01:16:18,11.2833,-15.8333,80.65,80,100,14.61
326,Mandera,KE,2022-10-13 01:16:19,3.9366,41.867,76.3,66,23,15.77
327,Road Town,VG,2022-10-13 01:11:26,18.4167,-64.6167,82.49,89,20,6.91
328,Mahebourg,MU,2022-10-13 01:16:20,-20.4081,57.7,70.25,78,75,8.05
329,Bahir Dar,ET,2022-10-13 01:16:20,11.5936,37.3908,57.49,91,18,3.71
330,Severo-Kurilsk,RU,2022-10-13 01:14:14,50.6789,156.125,43.65,80,89,33.46
331,Vadso,NO,2022-10-13 01:16:21,70.0744,29.7487,39.36,81,100,5.75
332,Norsup,VU,2022-10-13 01:16:21,-16.0667,167.3833,82.56,71,73,13.29
333,Narsaq,GL,2022-10-13 01:14:27,60.9167,-46.05,26.82,70,0,8.43
334,Basti,IN,2022-10-13 01:15:52,26.8,82.7167,74.95,82,59,3.71
335,Praya,CV,2022-10-13 01:16:21,14.9215,-23.5087,77.54,88,20,6.91
336,Krosno Odrzanskie,PL,2022-10-13 01:16:22,52.0549,15.0988,44.65,81,0,5.01
337,Caravelas,BR,2022-10-13 01:10:05,-17.7125,-39.2481,73.09,77,0,6.31
338,Hasaki,JP,2022-10-13 01:08:08,35.7333,140.8333,68.22,88,100,14.88
339,Russell,US,2022-10-13 01:13:44,32.3502,-85.1999,64.96,94,40,12.66
340,Talcahuano,CL,2022-10-13 01:16:23,-36.7167,-73.1167,51.48,71,0,16.11
341,Lodwar,KE,2022-10-13 01:16:23,3.1191,35.5973,80.65,40,100,5.55
342,Buluang,PH,2022-10-13 01:16:23,13.3068,123.3425,82.31,82,100,1.23
343,Riyadh,SA,2022-10-13 01:14:31,24.6877,46.7219,69.94,29,0,1.14
344,Koroni,GR,2022-10-13 01:16:24,36.8,21.95,66.07,75,3,3.47
345,Wakkanai,JP,2022-10-13 01:16:24,45.4094,141.6739,58.98,63,20,10.36
346,Luderitz,NA,2022-10-13 01:16:24,-26.6481,15.1594,61.66,78,17,10.58
347,Fort Myers Beach,US,2022-10-13 01:16:25,26.452,-81.9481,73.47,93,75,9.22
348,Fort Wellington,GY,2022-10-13 01:16:25,6.4,-57.6,80.24,79,100,9.75
349,Itoman,JP,2022-10-13 01:14:32,26.1247,127.6694,84.58,70,75,17.27
350,Mehamn,NO,2022-10-13 01:16:26,71.0357,27.8492,42.75,75,100,14.97
351,Jiuquan,CN,2022-10-13 01:16:26,39.7432,98.5174,47.75,40,100,9.04
352,Kaduna,NG,2022-10-13 01:16:27,10.5222,7.4383,71.78,80,89,3.44
353,Kudahuvadhoo,MV,2022-10-13 01:13:16,2.6708,72.8944,77.99,83,100,13.78
354,Wewak,PG,2022-10-13 01:16:27,-3.5534,143.6268,83.84,67,92,5.12
355,Nuuk,GL,2022-10-13 01:16:28,64.1835,-51.7216,29.01,86,40,14.97
356,Amapa,BR,2022-10-13 01:16:28,1.0,-52.0,73.89,91,43,3.24
357,Nyuksenitsa,RU,2022-10-13 01:16:28,60.4128,44.2397,39.79,95,100,2.75
358,Dharchula,IN,2022-10-13 01:16:29,29.85,80.5333,56.34,69,0,6.78
359,Velikooktyabrskiy,RU,2022-10-13 01:16:29,57.4333,33.8159,36.5,96,24,4.41
360,Sept-Iles,CA,2022-10-13 01:13:02,50.2001,-66.3821,42.06,90,58,1.01
361,Nanakuli,US,2022-10-13 01:16:30,21.3906,-158.1547,86.86,65,0,9.22
362,Svetlaya,RU,2022-10-13 01:16:30,46.5389,138.3297,50.5,51,100,5.17
363,Pasni,PK,2022-10-13 01:16:30,25.2631,63.471,77.7,57,0,2.68
364,Bulgan,MN,2022-10-13 01:10:44,48.8125,103.5347,36.1,58,40,3.67
365,Yenagoa,NG,2022-10-13 01:17:31,4.9247,6.2642,74.14,93,36,3.09
366,Catalina Foothills,US,2022-10-13 01:17:31,32.2979,-110.9187,85.55,29,0,3.44
367,Grand Gaube,MU,2022-10-13 01:10:16,-20.0064,57.6608,70.38,68,2,5.01
368,Vao,NC,2022-10-13 01:14:17,-22.6667,167.4833,71.22,73,2,20.2
369,Cananea,MX,2022-10-13 01:17:32,30.95,-110.3,68.54,45,100,3.22
370,Acari,PE,2022-10-13 01:17:32,-15.4311,-74.6158,64.08,70,33,4.43
371,Cape Canaveral,US,2022-10-13 01:17:32,28.4058,-80.6048,82.47,85,100,5.75
372,Sorong,ID,2022-10-13 01:17:33,-0.8833,131.25,82.65,75,100,10.92
373,Lac Du Bonnet,CA,2022-10-13 01:17:33,50.2536,-96.0612,39.58,62,100,13.35
374,Panaba,MX,2022-10-13 01:17:33,21.2833,-88.2667,80.83,78,99,6.29
375,Broken Hill,AU,2022-10-13 01:17:34,-31.95,141.4333,55.72,89,100,22.5
376,Joshimath,IN,2022-10-13 01:17:34,30.5667,79.5667,52.74,58,0,6.4
377,Erzin,TR,2022-10-13 01:17:34,36.9559,36.2,67.82,79,99,2.13
378,Olga,RU,2022-10-13 01:13:48,43.7444,135.2892,54.03,53,100,1.32
379,Lakes Entrance,AU,2022-10-13 01:17:35,-37.8811,147.981,61.16,92,100,12.46
380,Camargo,MX,2022-10-13 01:17:35,27.6667,-105.1667,76.6,35,4,3.87
381,Vila Franca Do Campo,PT,2022-10-13 01:17:36,37.7167,-25.4333,70.21,83,21,4.09
382,Griffith,US,2022-10-13 01:13:45,41.5284,-87.4237,54.9,92,0,0.0
383,Urusha,RU,2022-10-13 01:17:36,54.05,122.9,37.92,67,59,2.68
384,Furstenwalde,DE,2022-10-13 01:17:36,52.3667,14.0667,50.18,86,7,5.73
385,Praia Da Vitoria,PT,2022-10-13 01:17:37,38.7333,-27.0667,71.76,94,40,7.7
386,Ikongo,MG,2022-10-13 01:17:37,-21.8833,47.4333,61.47,92,44,2.59
387,Half Moon Bay,US,2022-10-13 01:07:57,37.4636,-122.4286,71.87,82,100,16.11
388,Maltahohe,NA,2022-10-13 01:17:38,-24.8333,16.9833,72.12,30,91,7.25
389,Leh,IN,2022-10-13 01:17:38,34.1667,77.5833,39.15,54,29,3.74
390,Quesnel,CA,2022-10-13 01:15:34,52.9999,-122.5029,57.7,54,0,0.0
391,Srednekolymsk,RU,2022-10-13 01:17:38,67.45,153.6833,16.34,84,100,4.65
392,Flinders,AU,2022-10-13 01:17:39,-34.5833,150.8552,71.19,68,99,7.0
393,Ler,SS,2022-10-13 01:13:34,8.3018,30.1418,71.26,88,18,1.7
394,Carrickfergus,GB,2022-10-13 01:17:39,54.7158,-5.8058,45.54,92,86,3.44
395,Neuquen,AR,2022-10-13 01:16:02,-38.9516,-68.0591,53.49,35,0,9.22
396,Kisangani,CD,2022-10-13 01:17:40,0.5167,25.2,68.59,97,86,2.21
397,Nalut,LY,2022-10-13 01:17:40,30.3333,10.85,75.09,23,7,10.42
398,Mitu,CO,2022-10-13 01:17:41,1.1983,-70.1733,75.49,84,88,0.98
399,Hamilton,US,2022-10-13 01:17:41,39.1834,-84.5333,70.0,84,100,5.75
400,Chikwawa,MW,2022-10-13 01:17:41,-16.0335,34.8009,73.36,65,0,1.95
401,Souillac,MU,2022-10-13 01:17:42,-20.5167,57.5167,70.18,78,75,8.05
402,Kununurra,AU,2022-10-13 01:17:42,-15.7667,128.7333,96.78,36,2,10.36
403,Dicabisagan,PH,2022-10-13 01:17:42,17.0818,122.4157,80.11,89,100,5.61
404,Arkhonskaya,RU,2022-10-13 01:17:43,43.11,44.5125,37.06,100,83,8.95
405,Ulladulla,AU,2022-10-13 01:17:43,-35.35,150.4667,67.91,61,97,17.05
406,Monze,ZM,2022-10-13 01:17:43,-16.2833,27.4833,67.98,35,0,4.23
407,Oyama,JP,2022-10-13 01:16:16,36.3,139.8,65.59,60,100,8.84
408,Salinopolis,BR,2022-10-13 01:17:44,-0.6136,-47.3561,79.25,84,100,10.94
409,Lichuan,CN,2022-10-13 01:17:44,30.3,108.85,53.22,62,99,1.34
410,Labuhan,ID,2022-10-13 01:17:44,-6.8844,112.2051,81.57,72,100,9.75
411,Lompoc,US,2022-10-13 01:11:29,34.6391,-120.4579,72.79,85,0,8.05
412,Whitianga,NZ,2022-10-13 01:14:04,-36.8333,175.7,60.78,72,100,7.76
413,Prainha,BR,2022-10-13 01:17:45,-1.8,-53.48,79.63,67,71,2.75
414,Bahar,IR,2022-10-13 01:17:45,34.9072,48.4414,37.56,32,0,0.0
415,Kawalu,ID,2022-10-13 01:17:45,-7.3817,108.2082,75.96,87,98,2.89
416,Riberalta,BO,2022-10-13 01:17:46,-10.9833,-66.1,74.75,86,100,2.04
417,Okha,RU,2022-10-13 01:17:46,53.5739,142.9478,45.34,68,16,12.73
418,Hervey Bay,AU,2022-10-13 01:17:46,-25.2986,152.8535,77.02,65,22,7.0
419,Barreirinha,BR,2022-10-13 01:14:25,-2.7933,-57.07,81.14,64,62,2.73
420,Pangai,TO,2022-10-13 01:17:47,-19.8,-174.35,80.71,61,20,5.75
421,Outlook,CA,2022-10-13 01:15:45,51.5001,-107.0513,45.23,25,0,21.25
422,Leshukonskoye,RU,2022-10-13 01:17:47,64.8989,45.7622,40.19,93,100,3.38
423,Olafsvik,IS,2022-10-13 01:17:48,64.8945,-23.7142,42.4,70,100,6.2
424,Cabo San Lucas,MX,2022-10-13 01:17:03,22.8909,-109.9124,84.61,61,0,4.61
425,Lieksa,FI,2022-10-13 01:17:48,63.3167,30.0167,38.62,88,9,8.79
426,Brighton,GB,2022-10-13 01:15:29,50.8284,-0.1395,59.31,93,100,3.0
427,Maralal,KE,2022-10-13 01:17:49,1.0968,36.698,57.29,67,79,4.65
428,Westport,US,2022-10-13 01:15:52,41.1415,-73.3579,62.89,81,0,7.0
429,Moyale,KE,2022-10-13 01:11:29,3.5167,39.0584,66.67,68,35,13.42
430,Asfi,MA,2022-10-13 01:17:49,32.2994,-9.2372,68.88,87,0,13.56
431,Yatou,CN,2022-10-13 01:17:50,37.15,122.3833,60.89,61,38,2.48
432,Shache,CN,2022-10-13 01:17:50,38.4167,77.2406,50.43,21,0,3.8
433,Poronaysk,RU,2022-10-13 01:17:50,49.2167,143.1167,50.2,56,64,9.01
434,Paralimni,CY,2022-10-13 01:17:51,35.0375,33.9833,69.15,86,0,5.01
435,Goksun,TR,2022-10-13 01:17:51,38.021,36.4973,55.9,54,100,2.48
436,Dukat,RU,2022-10-13 01:17:51,62.55,155.55,17.02,70,100,1.54
437,Ambilobe,MG,2022-10-13 01:17:52,-13.2,49.05,64.24,80,0,3.94
438,Yazykovo,RU,2022-10-13 01:17:52,55.2199,56.1353,47.95,54,98,4.94
439,Mwene-Ditu,CD,2022-10-13 01:17:52,-7.0,23.45,65.48,87,99,1.86
440,Conde,BR,2022-10-13 01:17:53,-7.2597,-34.9075,76.46,78,0,10.36
441,Basco,PH,2022-10-13 01:17:53,20.4487,121.9702,81.07,81,100,27.56
442,Dalton,US,2022-10-13 01:14:26,34.7698,-84.9702,66.76,92,75,1.99
443,Uchaly,RU,2022-10-13 01:17:53,54.2996,59.4521,41.68,58,99,3.51
444,Liku,ID,2022-10-13 01:17:54,-0.7275,119.8922,84.18,66,100,1.19
445,Boende,CD,2022-10-13 01:17:54,-0.2167,20.8667,69.87,96,100,0.65
446,Bacungan,PH,2022-10-13 01:17:54,9.9106,118.7022,86.05,70,75,11.5
447,Mollendo,PE,2022-10-13 01:17:55,-17.0231,-72.0147,60.12,80,67,6.17
448,Mae Hong Son,TH,2022-10-13 01:17:55,19.3003,97.9685,75.34,88,40,0.0
449,Salmo,CA,2022-10-13 01:17:55,49.1999,-117.2689,61.07,62,63,2.19
450,Havre-Saint-Pierre,CA,2022-10-13 01:12:56,50.2334,-63.5986,37.76,93,0,2.3
451,Ayan,RU,2022-10-13 01:17:56,56.45,138.1667,41.34,51,45,1.83
452,Borovichi,RU,2022-10-13 01:17:56,58.3878,33.9155,36.99,95,39,4.41
453,Bac Lieu,VN,2022-10-13 01:17:57,9.285,105.7244,77.67,85,100,8.61
454,Corinto,GR,2022-10-13 01:17:57,37.9407,22.9573,66.88,63,4,2.48
455,Pujili,EC,2022-10-13 01:17:57,-0.95,-78.6833,54.28,71,40,3.44
456,Mayya,RU,2022-10-13 01:17:58,61.7333,130.2811,27.72,90,100,6.17
457,Koumac,NC,2022-10-13 01:17:58,-20.5667,164.2833,78.91,64,8,15.86
458,Erenhot,CN,2022-10-13 01:17:58,43.6475,111.9767,47.7,30,0,5.41
459,Ponta Delgada,PT,2022-10-13 01:11:11,37.7333,-25.6667,70.52,73,75,5.75
460,Ixtapa,MX,2022-10-13 01:17:59,20.7,-105.2,83.43,74,75,6.91
461,Tacuarembo,UY,2022-10-13 01:13:26,-31.7333,-55.9833,53.04,70,0,3.56
462,Hambantota,LK,2022-10-13 01:17:59,6.1241,81.1185,78.89,80,100,8.81
463,Baykit,RU,2022-10-13 01:17:59,61.67,96.37,34.07,86,100,5.93
464,Mahibadhoo,MV,2022-10-13 01:18:00,3.7833,72.9667,79.95,82,100,19.04
465,Nizhnevartovsk,RU,2022-10-13 01:18:00,60.9344,76.5531,30.22,100,100,4.47
466,Sovetskaya Gavan,RU,2022-10-13 01:18:01,48.9723,140.2878,50.58,50,19,6.08
467,Hede,CN,2022-10-13 01:18:01,33.7681,120.2517,65.5,55,5,9.57
468,Lavrentiya,RU,2022-10-13 01:18:01,65.5833,-171.0,28.42,52,100,3.33
469,Bambous Virieux,MU,2022-10-13 01:18:02,-20.3428,57.7575,70.21,78,75,8.05
470,Cesme,TR,2022-10-13 01:18:02,38.3228,26.3064,63.81,70,0,15.93
471,Palmer,US,2022-10-13 01:18:03,42.1584,-72.3287,59.25,68,75,10.36
472,Sturgeon Falls,CA,2022-10-13 01:18:03,46.3646,-79.9326,61.05,77,100,16.51
473,Cabedelo,BR,2022-10-13 01:18:04,-6.9811,-34.8339,77.67,82,95,14.5
474,Tongliao,CN,2022-10-13 01:18:04,43.6125,122.2653,57.79,34,0,5.08
475,Aksu,CN,2022-10-13 01:18:04,41.1231,80.2644,47.84,40,0,3.67
476,Makubetsu,JP,2022-10-13 01:18:05,45.3714,141.8211,58.71,63,20,10.36
477,Khromtau,KZ,2022-10-13 01:18:05,50.2503,58.4347,49.46,55,100,4.34
478,Odweyne,SO,2022-10-13 01:18:06,9.4092,45.064,71.92,61,6,3.47
479,Avera,US,2022-10-13 01:18:06,33.194,-82.5271,68.38,98,100,12.97
480,Matay,EG,2022-10-13 01:18:07,28.419,30.7792,69.4,69,1,13.2
481,Krasnoarmeysk,RU,2022-10-13 01:18:07,51.0239,45.6969,46.63,89,100,13.94
482,Kandi,BJ,2022-10-13 01:18:07,11.1342,2.9386,75.79,56,93,1.48
483,Turayf,SA,2022-10-13 01:18:08,31.6725,38.6637,62.85,36,0,0.0
484,Tibu,CO,2022-10-13 01:18:08,8.639,-72.7358,74.88,99,100,2.64
485,Nicoya,CR,2022-10-13 01:18:09,10.1483,-85.452,75.9,91,100,0.67
486,George,ZA,2022-10-13 01:18:09,-33.963,22.4617,62.15,94,100,6.91
487,Komsomolskiy,UZ,2022-10-13 01:18:09,40.4272,71.7189,50.72,37,0,6.91
488,Vieques,PR,2022-10-13 01:18:10,18.425,-65.8329,79.48,83,20,5.75
489,Udachnyy,RU,2022-10-13 01:18:10,66.4167,112.4,30.45,100,100,4.97
490,Muros,ES,2022-10-13 01:18:11,42.7762,-9.0603,58.84,92,100,5.53
491,Doba,TD,2022-10-13 01:18:11,8.65,16.85,70.05,96,22,1.57
492,Barcelos,PT,2022-10-13 01:18:11,41.5388,-8.6151,64.92,85,100,2.8
493,Buala,SB,2022-10-13 01:18:12,-8.145,159.5921,83.84,68,100,4.83
494,Alyangula,AU,2022-10-13 01:18:12,-13.8483,136.4192,85.3,69,62,9.4
495,Phanom Sarakham,TH,2022-10-13 01:18:13,13.7479,101.3553,80.42,79,69,8.99
496,Bozhou,CN,2022-10-13 01:18:13,33.8772,115.7703,61.2,59,76,8.41
497,Hit,IQ,2022-10-13 01:18:14,33.6416,42.8251,74.91,28,78,3.94
498,Almaznyy,RU,2022-10-13 01:18:14,48.0448,40.045,43.27,62,11,4.25
499,Carutapera,BR,2022-10-13 01:18:14,-1.195,-46.02,79.07,82,95,7.81
500,Mykhaylivka,UA,2022-10-13 01:18:15,47.2724,35.2224,48.67,76,20,5.77
501,Cadillac,US,2022-10-13 01:18:16,44.2519,-85.4012,44.51,93,75,3.44
502,Guarapari,BR,2022-10-13 01:18:16,-20.6667,-40.4975,72.09,86,1,13.58
503,Naze,JP,2022-10-13 01:18:16,28.3667,129.4833,79.72,74,1,23.33
504,Mackay,AU,2022-10-13 01:15:21,-21.15,149.2,77.68,60,28,13.0
505,Maibong,IN,2022-10-13 01:18:17,25.3,93.1667,72.37,93,45,1.9
506,Hailun,CN,2022-10-13 01:18:18,47.45,126.9333,51.44,68,0,9.4
507,General Roca,AR,2022-10-13 01:18:18,-39.0333,-67.5833,49.62,32,18,22.46
508,Alta Floresta,BR,2022-10-13 01:11:17,-9.8756,-56.0861,68.72,98,100,4.32
509,Vila Velha,BR,2022-10-13 01:13:36,-20.3297,-40.2925,75.15,83,0,9.22
510,Puerto Escondido,MX,2022-10-13 01:15:22,15.85,-97.0667,80.65,87,99,6.62
511,Phu Ly,VN,2022-10-13 01:18:19,20.5411,105.9139,73.38,65,14,5.97
512,Aguimes,ES,2022-10-13 01:18:19,27.9054,-15.4461,70.43,78,75,20.71
513,Sulangan,PH,2022-10-13 01:18:20,11.1373,123.7228,83.05,75,100,4.52
514,Novikovo,RU,2022-10-13 01:18:20,51.1537,37.8879,41.65,91,11,6.2
515,Kungurtug,RU,2022-10-13 01:13:46,50.5994,97.5228,35.91,50,100,2.15
516,Dongsheng,CN,2022-10-13 01:18:21,39.8161,109.9776,50.5,35,97,2.51
517,Itaituba,BR,2022-10-13 01:18:21,-4.2761,-55.9836,78.85,75,99,2.08
518,Port Hardy,CA,2022-10-13 01:18:22,50.6996,-127.4199,53.78,82,20,3.44
519,Sanford,US,2022-10-13 01:18:22,28.8006,-81.2731,77.34,96,0,0.0
520,Tiarei,PF,2022-10-13 01:18:23,-17.5333,-149.3333,78.82,81,26,14.81
521,Graaff-Reinet,ZA,2022-10-13 01:18:23,-32.2522,24.5308,76.93,28,100,6.04
522,Rio Grande,BR,2022-10-13 01:11:18,-32.035,-52.0986,58.48,91,0,7.2
523,Sosnogorsk,RU,2022-10-13 01:13:59,63.6023,53.8817,38.46,91,100,3.8
524,Northam,GB,2022-10-13 01:18:24,51.0333,-4.2167,54.25,96,100,4.34
525,Gao,ML,2022-10-13 01:18:24,16.6362,1.637,86.79,16,0,8.23
526,Mandalgovi,MN,2022-10-13 01:18:24,45.7625,106.2708,39.02,53,0,6.69
527,Bibbiena,IT,2022-10-13 01:18:25,43.6965,11.8135,61.09,53,100,3.62
528,Fort Saint James,CA,2022-10-13 01:18:25,54.4333,-124.25,50.99,64,93,1.41
529,Dustlik,UZ,2022-10-13 01:18:26,40.5247,68.0358,55.8,25,0,2.35
530,Pangnirtung,CA,2022-10-13 01:13:11,66.1451,-65.7125,15.94,73,2,4.25
531,Santa Fe,AR,2022-10-13 01:18:26,-31.6333,-60.7,70.0,35,7,8.01
532,Estelle,US,2022-10-13 01:16:46,29.8458,-90.1067,77.0,75,75,4.61
533,Quimper,FR,2022-10-13 01:18:27,48.0,-4.1,57.78,100,75,6.91
534,Karatau,KZ,2022-10-13 01:18:27,43.1667,70.4667,51.46,21,6,5.1
535,Orocue,CO,2022-10-13 01:18:28,4.7912,-71.3354,79.75,73,23,2.8
536,Tadine,NC,2022-10-13 01:18:28,-21.55,167.8833,74.86,67,76,14.76
537,San Quintin,MX,2022-10-13 01:18:28,30.4833,-115.95,68.59,80,6,15.61
538,Salta,AR,2022-10-13 01:18:29,-24.7859,-65.4117,61.57,43,0,3.44
539,Yulara,AU,2022-10-13 01:18:29,-25.2406,130.9889,51.62,60,100,16.73
540,Liepaja,LV,2022-10-13 01:18:29,56.5419,21.0367,42.78,100,75,2.3
541,Tiznit,MA,2022-10-13 01:18:30,29.5833,-9.5,62.91,77,0,1.9
542,Chinhoyi,ZW,2022-10-13 01:18:30,-17.3667,30.2,67.35,37,0,8.16
543,Waipawa,NZ,2022-10-13 01:18:30,-41.4122,175.5153,45.39,90,100,8.16
544,Kumylzhenskaya,RU,2022-10-13 01:18:31,49.8809,42.5898,42.33,77,0,7.14
545,Port Macquarie,AU,2022-10-13 01:16:11,-31.4333,152.9167,69.89,59,72,8.43
546,Troitsk,RU,2022-10-13 01:18:31,54.0979,61.5773,49.01,45,100,7.18
547,Jorpeland,NO,2022-10-13 01:18:31,59.0225,6.0408,55.15,98,100,9.37
548,Santa Rosalia,MX,2022-10-13 01:18:32,27.3167,-112.2833,79.93,54,97,2.71
549,Vanimo,PG,2022-10-13 01:13:53,-2.6741,141.3028,76.08,95,100,3.69
550,Farafangana,MG,2022-10-13 01:18:32,-22.8167,47.8333,67.08,89,31,5.53
551,Lagoa,PT,2022-10-13 01:18:33,39.05,-27.9833,70.41,81,47,7.4
552,Valparaiso,CL,2022-10-13 01:10:29,-33.0393,-71.6273,58.64,72,0,6.91
553,Urumqi,CN,2022-10-13 01:16:01,43.801,87.6005,40.15,52,0,2.24
554,Saint-Augustin,CA,2022-10-13 01:18:34,51.226,-58.6502,45.34,88,100,7.36
555,Kifri,IQ,2022-10-13 01:18:34,34.6959,44.9661,74.86,24,100,5.77
556,Chara,RU,2022-10-13 01:09:45,56.9064,118.2631,33.17,90,100,3.67
557,Kuah,MY,2022-10-13 01:10:17,6.3265,99.8432,81.77,73,98,3.42
558,Shugurovo,RU,2022-10-13 01:18:34,54.5083,52.1326,48.29,88,100,5.44
559,Faya,SA,2022-10-13 01:18:35,18.3851,42.4509,57.31,24,23,4.79
560,Pemba,MZ,2022-10-13 01:18:35,-12.974,40.5178,73.18,82,0,3.96
561,Alekseyevsk,RU,2022-10-13 01:18:35,57.8406,108.3492,36.7,95,100,5.93
562,Yanam,IN,2022-10-13 01:18:36,16.7333,82.2167,75.63,94,98,1.34
563,Margate,GB,2022-10-13 01:18:36,51.3813,1.3862,58.3,88,100,1.01
564,Kruisfontein,ZA,2022-10-13 01:18:36,-34.0033,24.7314,62.89,97,100,4.85
565,Ayna,PE,2022-10-13 01:18:37,-12.65,-73.9167,63.73,86,100,0.36
566,Mount Isa,AU,2022-10-13 01:18:37,-20.7333,139.5,98.37,20,40,16.11
567,Tarata,BO,2022-10-13 01:18:38,-17.6167,-66.0167,62.08,55,0,5.61
568,Estancia,BR,2022-10-13 01:18:38,-11.2683,-37.4383,69.84,87,13,2.46
569,Langsa,ID,2022-10-13 01:18:38,4.4683,97.9683,78.37,83,100,1.5
570,Pyay,MM,2022-10-13 01:18:39,18.8167,95.2167,76.68,90,12,3.38
571,Kamina,CD,2022-10-13 01:18:39,-8.7386,24.9906,64.74,65,19,4.03
572,Yerbogachen,RU,2022-10-13 01:18:39,61.2767,108.0108,32.65,90,100,7.87
573,Broome,US,2022-10-13 01:18:40,42.2506,-75.833,61.14,74,20,11.5
574,Liptovsky Hradok,SK,2022-10-13 01:18:40,49.0396,19.7234,43.97,92,12,1.63
575,Fuerte Olimpo,PY,2022-10-13 01:18:40,-21.0415,-57.8738,65.66,97,99,3.04
576,Ishigaki,JP,2022-10-13 01:18:41,24.3448,124.1572,82.53,65,20,20.71
