City_ID,City,Country,Date,Lat,Lng,Max Temp,Humidity,Cloudiness,Wind Speed,Current Description
0,Tuktoyaktuk,CA,2022-10-13 20:59:04,69.4541,-133.0374,26.6,86,100,6.91,overcast clouds
1,Troitskoye,RU,2022-10-13 20:59:05,52.9821,84.6757,36.21,77,10,6.55,clear sky
2,Cape Town,ZA,2022-10-13 20:59:06,-33.9258,18.4232,61.92,78,0,6.91,clear sky
3,Arraial Do Cabo,BR,2022-10-13 20:59:07,-22.9661,-42.0278,76.86,73,0,20.71,clear sky
4,Vestmannaeyjar,IS,2022-10-13 20:59:07,63.4427,-20.2734,41.67,65,100,7.56,overcast clouds
5,Busselton,AU,2022-10-13 20:59:08,-33.65,115.3333,53.46,64,96,1.39,overcast clouds
6,Tarbagatay,RU,2022-10-13 20:59:09,51.4803,107.3602,36.93,75,79,10.78,broken clouds
7,Oktyabrskiy,RU,2022-10-13 20:59:10,54.4815,53.471,48.63,82,100,2.48,overcast clouds
8,Sitka,US,2022-10-13 20:59:10,57.0531,-135.33,56.75,98,100,17.74,moderate rain
9,Geraldton,AU,2022-10-13 20:59:11,-28.7667,114.6,41.41,87,0,5.75,clear sky
10,Guerrero Negro,MX,2022-10-13 20:59:12,27.9769,-114.0611,74.03,69,21,17.31,few clouds
11,Sola,VU,2022-10-13 20:59:13,-13.8833,167.55,79.21,77,17,8.97,few clouds
12,Saint-Philippe,RE,2022-10-13 20:59:14,-21.3585,55.7679,69.39,84,21,10.54,light rain
13,Praya,CV,2022-10-13 20:59:15,14.9215,-23.5087,79.34,89,20,16.11,few clouds
14,Georgetown,MY,2022-10-13 20:59:16,5.4112,100.3354,77.9,89,40,5.01,scattered clouds
15,Avera,US,2022-10-13 20:59:16,33.194,-82.5271,78.85,48,93,9.48,overcast clouds
16,Vaini,TO,2022-10-13 20:59:17,-21.2,-175.2,71.76,94,100,3.44,light rain
17,Ponta Do Sol,PT,2022-10-13 20:59:18,32.6667,-17.1,73.0,75,39,5.99,scattered clouds
18,Punta Arenas,CL,2022-10-13 20:59:18,-53.15,-70.9167,50.11,46,40,20.71,scattered clouds
19,Kavaratti,IN,2022-10-13 20:59:19,10.5669,72.642,80.62,76,88,1.61,overcast clouds
20,Launceston,AU,2022-10-13 20:59:20,-41.45,147.1667,49.64,90,65,16.11,broken clouds
21,Liberty,US,2022-10-13 20:59:20,31.8335,-81.5004,84.27,54,100,4.0,overcast clouds
22,Qaanaaq,GL,2022-10-13 20:59:21,77.484,-69.3632,19.63,68,100,8.28,light snow
23,The Pas,CA,2022-10-13 20:59:21,53.8251,-101.2541,39.22,60,100,26.46,overcast clouds
24,Dalvik,IS,2022-10-13 20:57:19,65.9702,-18.5286,37.33,94,100,6.64,overcast clouds
25,Touros,BR,2022-10-13 20:59:23,-5.1989,-35.4608,78.13,78,21,17.9,few clouds
26,Karratha,AU,2022-10-13 20:59:24,-20.7377,116.8463,68.23,41,83,10.04,broken clouds
27,Capinzal,BR,2022-10-13 20:59:24,-27.3436,-51.6119,66.54,96,87,3.42,overcast clouds
28,Mataura,NZ,2022-10-13 20:59:25,-46.1927,168.8643,48.85,68,16,5.08,few clouds
29,Saint George,US,2022-10-13 20:57:17,37.1041,-113.5841,86.43,16,0,1.99,clear sky
30,Hobart,AU,2022-10-13 20:59:26,-42.8794,147.3294,52.27,74,75,14.97,broken clouds
31,Arman,RU,2022-10-13 20:59:26,59.7,150.1667,28.89,87,100,5.84,overcast clouds
32,Cabo San Lucas,MX,2022-10-13 20:56:17,22.8909,-109.9124,90.61,58,7,8.57,clear sky
33,Chebarkul,RU,2022-10-13 20:59:27,54.9749,60.3633,43.39,64,57,3.53,broken clouds
34,Nizhniy Odes,RU,2022-10-13 20:59:28,63.6445,54.856,40.15,93,100,2.08,light rain
35,Cayenne,GF,2022-10-13 20:54:57,4.9333,-52.3333,77.04,94,79,2.3,heavy intensity rain
36,Khatanga,RU,2022-10-13 20:59:29,71.9667,102.5,4.62,98,97,7.47,overcast clouds
37,Torbay,CA,2022-10-13 20:55:50,47.6666,-52.7314,54.75,80,20,8.05,few clouds
38,Husavik,IS,2022-10-13 20:57:19,66.0449,-17.3389,35.96,88,100,6.35,overcast clouds
39,Bredasdorp,ZA,2022-10-13 20:59:30,-34.5322,20.0403,55.4,91,100,4.63,overcast clouds
40,Albany,US,2022-10-13 20:59:31,42.6001,-73.9662,67.23,84,100,3.0,overcast clouds
41,Castro,BR,2022-10-13 20:57:29,-24.7911,-50.0119,61.66,94,100,0.47,overcast clouds
42,Butaritari,KI,2022-10-13 20:59:31,3.0707,172.7902,82.02,74,39,15.7,scattered clouds
43,Rikitea,PF,2022-10-13 20:59:32,-23.1203,-134.9692,70.97,72,88,14.27,overcast clouds
44,Rimouski,CA,2022-10-13 20:55:28,48.4488,-68.524,68.18,67,92,14.29,overcast clouds
45,Yukuhashi,JP,2022-10-13 20:59:33,33.7287,130.983,62.55,88,20,3.44,few clouds
46,Kodiak,US,2022-10-13 20:59:34,57.79,-152.4072,41.92,47,55,1.63,broken clouds
47,Skibbereen,IE,2022-10-13 20:59:34,51.55,-9.2667,56.1,88,100,9.84,overcast clouds
48,Nanortalik,GL,2022-10-13 20:59:35,60.1432,-45.2371,30.2,61,42,11.05,scattered clouds
49,Ambon,ID,2022-10-13 20:59:36,-3.6954,128.1814,78.94,89,40,2.3,scattered clouds
50,Harnoli,PK,2022-10-13 20:59:36,32.2792,71.5539,77.16,28,0,1.86,clear sky
51,Pangody,RU,2022-10-13 20:59:37,65.85,74.4859,37.92,85,100,13.98,overcast clouds
52,Hilo,US,2022-10-13 20:59:37,19.7297,-155.09,90.28,74,74,4.0,broken clouds
53,Jamestown,US,2022-10-13 20:59:38,42.097,-79.2353,53.02,92,100,17.27,overcast clouds
54,Mahebourg,MU,2022-10-13 20:55:09,-20.4081,57.7,71.26,73,40,11.5,scattered clouds
55,Rio Grande,BR,2022-10-13 20:59:39,-32.035,-52.0986,71.71,83,1,25.97,clear sky
56,Pevek,RU,2022-10-13 20:59:40,69.7008,170.3133,17.55,80,89,7.85,overcast clouds
57,Naze,JP,2022-10-13 20:59:40,28.3667,129.4833,76.12,85,64,24.4,broken clouds
58,Faya,SA,2022-10-13 20:59:41,18.3851,42.4509,61.32,27,9,4.43,clear sky
59,Bella Union,UY,2022-10-13 20:59:41,-30.2752,-57.6007,72.91,54,0,9.82,clear sky
60,College,US,2022-10-13 20:59:42,64.8569,-147.8028,27.21,85,16,2.75,few clouds
61,Port Elizabeth,ZA,2022-10-13 20:59:43,-33.918,25.5701,69.1,99,100,4.0,overcast clouds
62,Cortez,US,2022-10-13 20:59:43,37.3489,-108.5859,74.93,21,0,17.05,clear sky
63,New Norfolk,AU,2022-10-13 20:59:44,-42.7826,147.0587,51.93,67,94,4.0,overcast clouds
64,Aklavik,CA,2022-10-13 20:59:44,68.2191,-135.0107,26.6,63,100,9.22,overcast clouds
65,Clarence Town,AU,2022-10-13 20:59:45,-32.5833,151.7833,63.95,90,100,3.0,moderate rain
66,Chuy,UY,2022-10-13 20:59:45,-33.6971,-53.4616,52.97,62,69,16.44,broken clouds
67,Houma,US,2022-10-13 20:59:46,29.5958,-90.7195,87.01,63,0,10.36,clear sky
68,Yellowknife,CA,2022-10-13 20:59:45,62.456,-114.3525,39.72,65,75,28.77,broken clouds
69,Netanya,IL,2022-10-13 20:59:47,32.3329,34.8599,73.42,65,24,6.04,few clouds
70,Bambous Virieux,MU,2022-10-13 20:55:09,-20.3428,57.7575,71.22,73,40,11.5,scattered clouds
71,Sobolevo,RU,2022-10-13 20:58:34,54.4299,31.8996,39.52,80,10,2.46,clear sky
72,Qaqortoq,GL,2022-10-13 20:59:49,60.7167,-46.0333,26.74,60,1,4.5,clear sky
73,Tamiahua,MX,2022-10-13 20:59:49,21.2667,-97.45,85.01,70,92,13.78,overcast clouds
74,Isla Vista,US,2022-10-13 20:58:48,34.4133,-119.861,81.25,61,27,5.7,scattered clouds
75,Kavieng,PG,2022-10-13 20:59:50,-2.5744,150.7967,81.86,72,34,10.0,scattered clouds
76,Chokurdakh,RU,2022-10-13 20:59:50,70.6333,147.9167,8.08,95,90,4.97,overcast clouds
77,Vagay,RU,2022-10-13 20:59:51,57.9375,69.0217,43.77,74,99,9.04,overcast clouds
78,Eyl,SO,2022-10-13 20:59:51,7.9803,49.8164,78.21,80,17,12.39,few clouds
79,Abong Mbang,CM,2022-10-13 20:59:51,3.9833,13.1833,67.62,98,100,1.32,light rain
80,Hovd,MN,2022-10-13 20:59:52,48.0056,91.6419,32.95,51,0,2.42,clear sky
81,Ushuaia,AR,2022-10-13 20:58:28,-54.8,-68.3,44.26,61,75,14.97,broken clouds
82,Oranjemund,NA,2022-10-13 20:55:17,-28.55,16.4333,57.45,95,7,7.18,clear sky
83,Pemangkat,ID,2022-10-13 20:59:52,1.1667,108.9667,79.02,82,100,5.21,overcast clouds
84,Aswan,EG,2022-10-13 20:59:53,24.0934,32.907,83.5,28,0,8.05,clear sky
85,Cuxhaven,DE,2022-10-13 20:59:53,53.8718,8.6909,53.96,100,100,5.75,mist
86,Sao Filipe,CV,2022-10-13 20:59:54,14.8961,-24.4956,79.75,77,58,8.55,broken clouds
87,Bazaliya,UA,2022-10-13 20:59:54,49.7127,26.4733,43.59,78,7,6.44,clear sky
88,Hithadhoo,MV,2022-10-13 20:59:54,-0.6,73.0833,81.27,71,76,16.24,broken clouds
89,Deputatskiy,RU,2022-10-13 20:59:55,69.3,139.9,-2.45,96,93,5.32,overcast clouds
90,Saint-Pierre,RE,2022-10-13 20:59:55,-21.3393,55.4781,69.91,73,0,16.11,clear sky
91,Barrow,US,2022-10-13 20:58:09,71.2906,-156.7887,27.0,68,100,6.96,overcast clouds
92,San Jose,US,2022-10-13 20:59:04,37.3394,-121.895,80.91,54,0,6.91,clear sky
93,Norman Wells,CA,2022-10-13 20:59:56,65.282,-126.8329,28.44,80,100,18.41,overcast clouds
94,Nuuk,GL,2022-10-13 20:59:56,64.1835,-51.7216,29.88,63,0,13.0,clear sky
95,San Patricio,US,2022-10-13 20:55:58,28.017,-97.5169,96.19,58,85,7.34,overcast clouds
96,Meulaboh,ID,2022-10-13 20:59:57,4.1363,96.1285,75.31,88,98,3.76,overcast clouds
97,Marsh Harbour,BS,2022-10-13 20:59:57,26.5412,-77.0636,79.92,74,100,6.91,heavy intensity rain
98,Bar Harbor,US,2022-10-13 20:59:58,44.3876,-68.2039,61.47,81,81,5.99,broken clouds
99,Severo-Kurilsk,RU,2022-10-13 20:59:58,50.6789,156.125,43.79,74,100,10.51,overcast clouds
100,Dikson,RU,2022-10-13 20:59:58,73.5069,80.5464,33.04,98,100,27.69,light snow
101,Berlevag,NO,2022-10-13 20:59:59,70.8578,29.0864,35.6,86,0,12.66,clear sky
102,Stargard Szczecinski,PL,2022-10-13 20:59:59,53.3367,15.0499,52.83,86,99,5.95,overcast clouds
103,Camopi,GF,2022-10-13 20:59:59,3.1655,-52.3158,81.91,66,97,2.68,overcast clouds
104,Pervomaysk,UA,2022-10-13 20:59:01,48.0443,30.8507,45.84,61,6,5.95,clear sky
105,Nikolskoye,RU,2022-10-13 21:00:00,59.7035,30.7861,42.69,91,100,4.88,overcast clouds
106,Burriana,ES,2022-10-13 21:00:00,39.889,-0.085,69.67,82,64,3.85,broken clouds
107,Srisailam,IN,2022-10-13 21:00:01,16.0833,78.8667,71.33,97,100,2.39,overcast clouds
108,Taicheng,CN,2022-10-13 21:00:01,38.731,113.228,51.42,57,100,2.37,overcast clouds
109,Ribeira Grande,PT,2022-10-13 21:00:02,38.5167,-28.7,72.77,88,70,5.99,broken clouds
110,Provideniya,RU,2022-10-13 21:00:06,64.3833,-173.3,26.71,74,20,4.47,few clouds
111,Xuanzhou,CN,2022-10-13 21:00:08,30.9525,118.7553,55.87,95,0,5.3,clear sky
112,Granville,AU,2022-10-13 21:00:08,-33.8333,151.0167,65.43,85,97,3.0,light rain
113,Yatou,CN,2022-10-13 21:00:16,37.15,122.3833,56.52,75,99,1.19,overcast clouds
114,Avarua,CK,2022-10-13 21:00:17,-21.2078,-159.775,78.85,83,75,14.97,broken clouds
115,Goderich,CA,2022-10-13 21:00:18,43.7501,-81.7165,52.92,60,82,24.29,broken clouds
116,Praia Da Vitoria,PT,2022-10-13 21:00:20,38.7333,-27.0667,69.62,77,18,10.54,few clouds
117,Lavrentiya,RU,2022-10-13 21:00:20,65.5833,-171.0,25.77,49,22,3.6,few clouds
118,Bago,MM,2022-10-13 21:00:21,17.3367,96.4797,74.08,94,7,4.18,clear sky
119,Kamaishi,JP,2022-10-13 21:00:21,39.2667,141.8833,53.47,79,1,6.31,clear sky
120,Yuzhnyy,RU,2022-10-13 21:00:22,53.2542,83.6936,35.98,75,0,4.47,clear sky
121,Mar Del Plata,AR,2022-10-13 21:00:23,-38.0023,-57.5575,54.95,44,2,14.0,clear sky
122,Lagoa,PT,2022-10-13 21:00:23,39.05,-27.9833,70.57,80,61,15.61,broken clouds
123,Raudeberg,NO,2022-10-13 21:00:24,61.9875,5.1352,47.07,69,68,16.13,broken clouds
124,Comodoro Rivadavia,AR,2022-10-13 21:00:25,-45.8667,-67.5,53.56,39,55,8.19,broken clouds
125,Lithakia,GR,2022-10-13 21:00:26,37.7167,20.8333,65.57,73,99,4.61,overcast clouds
126,Eldorado,BR,2022-10-13 21:00:26,-23.7869,-54.2836,71.11,93,100,4.21,moderate rain
127,Springbok,ZA,2022-10-13 21:00:27,-29.6643,17.8865,55.92,68,0,3.65,clear sky
128,Waldshut-Tiengen,DE,2022-10-13 21:00:27,47.6232,8.2172,58.05,94,100,1.23,overcast clouds
129,Olafsvik,IS,2022-10-13 21:00:28,64.8945,-23.7142,39.99,75,70,20.96,broken clouds
130,Prado,BR,2022-10-13 21:00:28,-17.3411,-39.2208,75.25,75,0,8.03,clear sky
131,Lixourion,GR,2022-10-13 21:00:29,38.2019,20.4314,67.6,81,100,6.06,overcast clouds
132,Ornskoldsvik,SE,2022-10-13 21:00:29,63.2909,18.7153,45.55,100,100,2.3,fog
133,Lichinga,MZ,2022-10-13 21:00:30,-13.3128,35.2406,67.73,30,2,10.13,clear sky
134,Bubaque,GW,2022-10-13 21:00:30,11.2833,-15.8333,81.68,77,77,11.48,broken clouds
135,Faanui,PF,2022-10-13 21:00:31,-16.4833,-151.75,78.93,72,17,11.45,few clouds
136,Cordoba,AR,2022-10-13 20:56:42,-31.4135,-64.1811,66.76,17,0,14.97,clear sky
137,Saskylakh,RU,2022-10-13 21:00:31,71.9167,114.0833,17.6,95,100,8.16,overcast clouds
138,Portland,US,2022-10-13 21:00:20,45.5234,-122.6762,86.05,41,27,4.0,scattered clouds
139,Hasaki,JP,2022-10-13 21:00:32,35.7333,140.8333,59.29,89,100,26.64,overcast clouds
140,Cam Ranh,VN,2022-10-13 21:00:33,11.9214,109.1591,71.56,94,75,6.91,light rain
141,Codrington,AU,2022-10-13 21:00:33,-38.2667,141.9667,50.31,89,100,17.38,light rain
142,Aktash,RU,2022-10-13 21:00:34,50.3,87.7333,23.34,68,0,2.26,clear sky
143,Port Blair,IN,2022-10-13 21:00:26,11.6667,92.75,79.59,80,5,5.46,clear sky
144,Owando,CG,2022-10-13 21:00:35,-0.4819,15.8999,72.82,91,99,1.03,light rain
145,Puerto Ayora,EC,2022-10-13 21:00:35,-0.7393,-90.3518,69.55,89,85,7.0,overcast clouds
146,Nicoya,CR,2022-10-13 21:00:36,10.1483,-85.452,79.11,88,100,4.65,light rain
147,Port Alfred,ZA,2022-10-13 21:00:36,-33.5906,26.891,68.18,95,100,5.01,overcast clouds
148,Asau,RO,2022-10-13 21:00:37,46.4333,26.4,49.28,99,100,2.21,overcast clouds
149,Takoradi,GH,2022-10-13 21:00:37,4.8845,-1.7554,77.04,89,71,9.26,light rain
150,Lingao,CN,2022-10-13 21:00:38,19.9103,109.6859,75.24,66,100,9.91,overcast clouds
151,Kapaa,US,2022-10-13 20:57:39,22.0752,-159.319,83.19,76,14,3.0,few clouds
152,Vila Do Maio,CV,2022-10-13 21:00:39,15.1333,-23.2167,79.23,77,99,13.71,overcast clouds
153,San Blas,MX,2022-10-13 21:00:39,21.5167,-105.2667,93.09,59,98,6.67,overcast clouds
154,Atar,MR,2022-10-13 21:00:40,20.5169,-13.0499,88.27,25,100,10.98,overcast clouds
155,Broome,US,2022-10-13 21:00:40,42.2506,-75.833,57.45,78,100,9.22,light rain
156,Ketchikan,US,2022-10-13 21:00:40,55.3422,-131.6461,53.1,98,100,8.01,moderate rain
157,Xixiang,CN,2022-10-13 21:00:41,35.1628,112.865,62.02,42,100,3.78,overcast clouds
158,Sao Felix Do Xingu,BR,2022-10-13 21:00:41,-6.6447,-51.995,85.12,52,89,6.11,overcast clouds
159,Mountain Home,US,2022-10-13 21:00:43,43.133,-115.6912,75.6,17,6,4.68,clear sky
160,Razole,IN,2022-10-13 21:00:43,16.4833,81.8333,75.2,94,78,2.35,light rain
161,Kahului,US,2022-10-13 21:00:05,20.8947,-156.47,80.31,73,10,6.87,clear sky
162,Poum,NC,2022-10-13 21:00:45,-20.2333,164.0167,73.78,67,4,11.36,clear sky
163,Bambanglipuro,ID,2022-10-13 21:00:45,-7.95,110.2833,76.21,87,100,7.31,light rain
164,Mount Gambier,AU,2022-10-13 20:57:27,-37.8333,140.7667,51.71,93,75,18.41,light intensity shower rain
165,Ilulissat,GL,2022-10-13 21:00:46,69.2167,-51.1,26.62,93,75,3.44,broken clouds
166,Tuy Hoa,VN,2022-10-13 21:00:47,13.0833,109.3,71.64,94,100,12.01,very heavy rain
167,Airai,TL,2022-10-13 21:00:48,-8.9266,125.4092,59.36,86,55,2.01,broken clouds
168,Lethem,GY,2022-10-13 21:00:49,3.3803,-59.7968,85.89,62,92,7.36,overcast clouds
169,Chern,RU,2022-10-13 21:00:49,53.4523,36.9145,39.85,71,55,5.08,broken clouds
170,Salalah,OM,2022-10-13 21:00:50,17.0151,54.0924,75.33,85,16,1.14,few clouds
171,Lasa,IT,2022-10-13 21:00:51,46.6166,10.7002,51.37,85,100,1.41,overcast clouds
172,Tasiilaq,GL,2022-10-13 21:00:52,65.6145,-37.6368,32.16,76,75,3.71,broken clouds
173,Ugoofaaru,MV,2022-10-13 21:00:52,5.6667,73.0,77.79,87,100,18.7,overcast clouds
174,Lebu,CL,2022-10-13 21:00:53,-37.6167,-73.65,50.5,61,3,19.28,clear sky
175,Conselheiro Lafaiete,BR,2022-10-13 20:58:09,-20.6603,-43.7861,74.91,37,85,9.35,overcast clouds
176,Hermanus,ZA,2022-10-13 21:00:54,-34.4187,19.2345,59.81,89,97,1.07,overcast clouds
177,Turayf,SA,2022-10-13 21:00:54,31.6725,38.6637,68.67,52,0,9.48,clear sky
178,San Policarpo,PH,2022-10-13 21:00:55,12.1791,125.5072,78.75,87,100,9.33,overcast clouds
179,Samarai,PG,2022-10-13 21:00:56,-10.6167,150.6667,80.29,80,98,4.25,overcast clouds
180,Komsomolskiy,UZ,2022-10-13 21:00:57,40.4272,71.7189,54.32,40,78,9.22,broken clouds
181,Svetlogorsk,BY,2022-10-13 21:00:57,52.6333,29.7333,48.18,61,100,3.0,overcast clouds
182,Carnarvon,AU,2022-10-13 21:00:58,-24.8667,113.6333,63.88,49,0,17.4,clear sky
183,Mangan,IN,2022-10-13 21:00:58,27.5167,88.5333,64.22,72,1,6.46,clear sky
184,Suraabad,AZ,2022-10-13 21:00:59,40.8192,49.4687,64.08,69,100,3.65,overcast clouds
185,Obregon,NI,2022-10-13 21:01:00,11.9566,-85.9636,83.91,77,85,3.13,overcast clouds
186,Manga,BF,2022-10-13 20:57:37,11.6636,-1.0731,80.47,64,86,7.09,overcast clouds
187,East London,ZA,2022-10-13 21:01:02,-33.0153,27.9116,72.25,78,89,15.57,overcast clouds
188,Borba,BR,2022-10-13 21:01:02,-4.3878,-59.5939,86.2,59,77,5.21,light rain
189,San Quintin,MX,2022-10-13 21:01:03,30.4833,-115.95,71.49,71,5,15.43,clear sky
190,Luanda,AO,2022-10-13 20:59:17,-8.8368,13.2343,77.0,83,40,12.66,scattered clouds
191,Rabo De Peixe,PT,2022-10-13 21:01:05,37.8,-25.5833,69.31,73,75,3.44,broken clouds
192,Gua Musang,MY,2022-10-13 21:01:06,4.8823,101.9644,73.76,98,99,1.12,overcast clouds
193,Mapiripan,CO,2022-10-13 21:01:07,2.8892,-72.1256,85.82,67,81,5.08,broken clouds
194,Visby,SE,2022-10-13 21:01:08,57.6409,18.296,53.06,93,100,8.05,overcast clouds
195,Rio Tuba,PH,2022-10-13 21:01:09,8.5061,117.4317,82.56,77,97,20.62,overcast clouds
196,Kaitangata,NZ,2022-10-13 20:59:45,-46.2817,169.8464,51.06,64,68,10.11,broken clouds
197,Namatanai,PG,2022-10-13 21:01:10,-3.6667,152.4333,81.19,70,80,6.29,broken clouds
198,Porto Novo,BJ,2022-10-13 21:00:34,6.4965,2.6036,77.74,83,100,4.36,overcast clouds
199,Renukut,IN,2022-10-13 21:01:11,24.2,83.0333,71.56,81,36,1.66,scattered clouds
200,Atuona,PF,2022-10-13 21:01:12,-9.8,-139.0333,77.16,80,10,18.52,light rain
201,Chara,RU,2022-10-13 21:01:13,56.9064,118.2631,30.24,75,100,3.15,overcast clouds
202,Bengkulu,ID,2022-10-13 21:01:14,-3.8004,102.2655,74.32,90,96,2.93,overcast clouds
203,Tautira,PF,2022-10-13 21:01:15,-17.7333,-149.15,77.23,78,12,6.46,few clouds
204,Novikovo,RU,2022-10-13 21:01:15,51.1537,37.8879,43.38,66,47,3.24,scattered clouds
205,Hualmay,PE,2022-10-13 21:01:17,-11.0964,-77.6139,64.33,74,21,10.85,few clouds
206,Bandarbeyla,SO,2022-10-13 21:01:17,9.4942,50.8122,77.07,87,21,8.9,few clouds
207,Cherskiy,RU,2022-10-13 21:01:18,68.75,161.3,8.49,90,100,5.82,overcast clouds
208,Upernavik,GL,2022-10-13 21:01:19,72.7868,-56.1549,13.55,72,73,7.76,broken clouds
209,Port Moresby,PG,2022-10-13 21:01:20,-9.4431,147.1797,77.5,84,100,5.1,overcast clouds
210,Kailua,US,2022-10-13 21:01:20,21.4022,-157.7394,86.9,77,31,1.01,scattered clouds
211,At-Bashi,KG,2022-10-13 21:01:21,41.1702,75.8106,39.61,32,7,0.96,clear sky
212,Xam Nua,LA,2022-10-13 21:01:21,20.4197,104.0439,56.32,88,1,0.89,clear sky
213,Rantepao,ID,2022-10-13 21:01:22,-2.9701,119.8978,66.76,96,96,1.77,light rain
214,Talnakh,RU,2022-10-13 21:01:23,69.4865,88.3972,25.5,95,100,7.34,overcast clouds
215,Margate,GB,2022-10-13 21:01:24,51.3813,1.3862,57.69,89,93,1.01,overcast clouds
216,Mirpur Mathelo,PK,2022-10-13 21:01:25,28.0227,69.5489,75.24,25,0,1.54,clear sky
217,Jidong,CN,2022-10-13 21:01:26,45.2167,131.0833,43.86,81,0,4.27,clear sky
218,Burnie,AU,2022-10-13 21:01:26,-41.0667,145.9167,47.95,92,33,4.29,scattered clouds
219,Sokolo,ML,2022-10-13 21:01:27,14.7328,-6.1219,89.62,29,48,2.28,light rain
220,Madang,PG,2022-10-13 21:01:29,-5.2246,145.7966,76.21,83,44,4.29,scattered clouds
221,Buraydah,SA,2022-10-13 21:01:30,26.326,43.975,78.75,14,0,9.22,clear sky
222,Tapia,PH,2022-10-13 21:01:30,7.7542,126.0119,73.49,92,91,0.92,overcast clouds
223,Krasnaya Polyana,RU,2022-10-13 21:01:31,56.242,51.1442,46.63,96,100,1.61,overcast clouds
224,Taloqan,AF,2022-10-13 21:01:33,36.7361,69.5345,56.8,17,0,4.43,clear sky
225,Xichang,CN,2022-10-13 21:01:33,27.8964,102.2634,56.12,90,100,3.67,overcast clouds
226,Muhos,FI,2022-10-13 21:01:34,64.808,25.9931,47.98,95,100,8.21,light rain
227,Kruisfontein,ZA,2022-10-13 21:01:34,-34.0033,24.7314,66.88,93,100,9.82,light rain
228,Mto Wa Mbu,TZ,2022-10-13 21:01:35,-3.35,35.85,70.05,40,78,5.1,broken clouds
229,Liku,ID,2022-10-13 21:01:36,-0.7275,119.8922,73.85,89,95,2.33,overcast clouds
230,Matara,LK,2022-10-13 21:01:37,5.9485,80.5353,76.15,91,100,9.66,overcast clouds
231,Saint-Joseph,RE,2022-10-13 21:01:37,-21.3667,55.6167,68.38,80,9,10.74,light rain
232,Vao,NC,2022-10-13 21:01:38,-22.6667,167.4833,70.36,66,100,13.49,overcast clouds
233,Bakchar,RU,2022-10-13 21:01:38,57.0186,82.0711,31.89,93,15,3.71,few clouds
234,Kautokeino,NO,2022-10-13 21:01:39,69.0125,23.0412,34.88,86,65,3.15,broken clouds
235,Whitehorse,CA,2022-10-13 21:01:39,60.7161,-135.0538,51.31,81,100,23.02,light intensity shower rain
236,Alofi,NU,2022-10-13 21:01:40,-19.0595,-169.9187,77.86,84,27,14.07,scattered clouds
237,Saldanha,ZA,2022-10-13 21:01:41,-33.0117,17.9442,59.32,89,79,13.27,broken clouds
238,Tazovskiy,RU,2022-10-13 21:01:41,67.4667,78.7,36.75,85,100,14.63,overcast clouds
239,Maksatikha,RU,2022-10-13 21:01:42,57.797,35.8825,35.13,87,18,3.0,few clouds
240,Cairo,EG,2022-10-13 21:01:43,30.0626,31.2497,73.42,64,0,5.75,clear sky
241,Souillac,MU,2022-10-13 21:01:10,-20.5167,57.5167,70.39,75,41,16.42,scattered clouds
242,Frolishchi,RU,2022-10-13 21:01:44,56.4211,42.6533,36.3,84,10,5.66,clear sky
243,Korem,ET,2022-10-13 21:01:45,12.5058,39.5228,56.19,79,80,1.7,broken clouds
244,Camp Verde,US,2022-10-13 21:01:46,34.5636,-111.8543,89.04,13,0,5.1,clear sky
245,Angoram,PG,2022-10-13 21:01:46,-4.0625,144.0661,73.99,96,100,1.07,overcast clouds
246,Sao Joao Da Barra,BR,2022-10-13 21:01:47,-21.6403,-41.0511,73.99,82,6,17.11,clear sky
247,Galveston,US,2022-10-13 21:01:48,29.3669,-94.9669,92.08,64,0,8.05,clear sky
248,Temerloh,MY,2022-10-13 21:01:48,3.4483,102.4176,73.18,97,100,1.81,overcast clouds
249,Pangkalanbuun,ID,2022-10-13 21:01:49,-2.6833,111.6167,73.42,97,96,1.54,overcast clouds
250,Coquimbo,CL,2022-10-13 21:01:49,-29.9533,-71.3436,61.68,64,2,9.53,clear sky
251,Maxixe,MZ,2022-10-13 21:01:50,-23.8597,35.3472,69.91,87,27,7.02,scattered clouds
252,Omsukchan,RU,2022-10-13 21:01:50,62.5333,155.8,9.59,96,100,2.44,overcast clouds
253,Isangel,VU,2022-10-13 21:01:51,-19.55,169.2667,74.7,65,1,13.62,clear sky
254,Beipiao,CN,2022-10-13 21:01:51,41.7919,120.7792,52.81,70,100,2.68,light rain
255,Ambulu,ID,2022-10-13 21:01:51,-8.345,113.6058,75.0,89,100,2.73,overcast clouds
256,Hanstholm,DK,2022-10-13 21:01:52,57.1167,8.6167,50.0,69,5,10.45,clear sky
257,Korla,CN,2022-10-13 21:00:30,41.7597,86.1469,49.55,38,4,1.9,clear sky
258,Thompson,CA,2022-10-13 20:58:57,55.7435,-97.8558,33.96,93,100,10.36,light snow
259,Honningsvag,NO,2022-10-13 21:01:52,70.9821,25.9704,40.75,75,75,6.91,broken clouds
260,Ocara,BR,2022-10-13 21:01:53,-4.4908,-38.5967,79.41,69,41,9.93,scattered clouds
261,Bandrele,YT,2022-10-13 21:01:53,-12.9067,45.1914,73.15,83,0,5.75,clear sky
262,Hay River,CA,2022-10-13 21:01:54,60.8156,-115.7999,53.28,48,99,16.49,overcast clouds
263,Longyearbyen,SJ,2022-10-13 21:01:54,78.2186,15.6401,28.24,69,20,10.36,few clouds
264,Castanos,MX,2022-10-13 21:01:54,26.7833,-101.4167,90.34,24,0,9.46,clear sky
265,Southbridge,US,2022-10-13 21:01:55,42.0751,-72.0334,65.66,96,100,5.01,light rain
266,Hare Bay,CA,2022-10-13 21:01:55,48.8499,-54.0148,50.58,70,53,4.47,broken clouds
267,Pocao De Pedras,BR,2022-10-13 21:01:55,-4.6667,-44.85,91.17,34,59,3.71,broken clouds
268,Zhuhai,CN,2022-10-13 21:01:56,22.2769,113.5678,78.58,88,20,10.36,few clouds
269,Nishihara,JP,2022-10-13 21:01:56,26.1842,127.7558,78.08,89,75,13.8,broken clouds
270,Iqaluit,CA,2022-10-13 21:00:16,63.7506,-68.5145,25.7,86,8,11.01,clear sky
271,Colac,AU,2022-10-13 21:01:57,-38.3333,143.5833,49.17,91,93,13.0,overcast clouds
272,Nizwa,OM,2022-10-13 21:01:57,22.9333,57.5333,73.45,23,10,1.77,clear sky
273,Kichera,RU,2022-10-13 21:01:57,55.9375,110.0997,28.94,83,99,4.9,overcast clouds
274,Muros,ES,2022-10-13 21:01:58,42.7762,-9.0603,65.08,94,87,3.74,overcast clouds
275,Havre-Saint-Pierre,CA,2022-10-13 21:01:58,50.2334,-63.5986,49.78,86,100,13.11,overcast clouds
276,Necochea,AR,2022-10-13 21:01:07,-38.5473,-58.7368,50.29,51,3,13.18,clear sky
277,Bluff,NZ,2022-10-13 21:01:59,-46.6,168.3333,45.57,77,6,5.5,clear sky
278,Maceio,BR,2022-10-13 20:58:16,-9.6658,-35.7353,78.24,78,40,8.05,scattered clouds
279,Klaksvik,FO,2022-10-13 21:02:00,62.2266,-6.589,45.52,86,100,12.75,moderate rain
280,Tokoroa,NZ,2022-10-13 21:02:00,-38.2333,175.8667,49.12,72,97,7.9,overcast clouds
281,Tigil,RU,2022-10-13 21:02:01,57.8,158.6667,34.74,86,100,9.86,overcast clouds
282,Denpasar,ID,2022-10-13 21:00:06,-8.65,115.2167,76.71,100,75,5.75,broken clouds
283,Cape Girardeau,US,2022-10-13 20:58:04,37.3834,-89.7168,70.02,21,10,7.0,clear sky
284,Labuhan,ID,2022-10-13 21:02:01,-6.8844,112.2051,77.74,83,100,8.86,light rain
285,Port Lincoln,AU,2022-10-13 21:02:02,-34.7333,135.8667,54.09,75,43,14.97,scattered clouds
286,Morondava,MG,2022-10-13 21:02:02,-20.2833,44.2833,76.68,76,61,7.74,broken clouds
287,Coahuayana,MX,2022-10-13 20:59:51,18.7333,-103.6833,84.22,78,88,5.26,light rain
288,Gerede,TR,2022-10-13 21:02:03,40.8008,32.1969,44.92,89,88,1.25,overcast clouds
289,San Jeronimo,PE,2022-10-13 21:02:03,-11.9472,-75.2829,68.38,21,2,8.46,clear sky
290,Ngaoundere,CM,2022-10-13 21:02:04,7.3167,13.5833,64.98,93,76,2.8,broken clouds
291,Banda Aceh,ID,2022-10-13 21:02:04,5.5577,95.3222,78.55,79,99,12.12,overcast clouds
292,Mehamn,NO,2022-10-13 21:02:05,71.0357,27.8492,35.55,87,0,4.61,clear sky
293,Skhisma,GR,2022-10-13 21:02:05,35.2667,25.7167,69.84,68,47,10.33,scattered clouds
294,Arlit,NE,2022-10-13 21:02:06,18.7369,7.3853,90.14,12,2,7.52,clear sky
295,Luderitz,NA,2022-10-13 21:02:06,-26.6481,15.1594,58.87,86,0,11.27,clear sky
296,Katsuura,JP,2022-10-13 21:02:06,35.1333,140.3,64.31,92,100,21.34,overcast clouds
297,Leningradskiy,RU,2022-10-13 21:02:07,69.3833,178.4167,14.43,71,35,5.84,scattered clouds
298,Port-Gentil,GA,2022-10-13 21:02:07,-0.7193,8.7815,78.76,94,75,10.36,broken clouds
299,Inhambane,MZ,2022-10-13 21:02:08,-23.865,35.3833,70.93,85,28,7.92,scattered clouds
300,Kollam,IN,2022-10-13 21:00:18,8.8833,76.6,75.72,90,100,3.98,light rain
301,Villa Carlos Paz,AR,2022-10-13 21:02:09,-31.4241,-64.4978,63.39,16,2,15.01,clear sky
302,Waidhofen,DE,2022-10-13 21:02:09,48.5833,11.3333,54.32,99,75,2.3,broken clouds
303,Akonolinga,CM,2022-10-13 21:02:09,3.7667,12.25,68.36,98,100,1.95,light rain
304,Tiksi,RU,2022-10-13 21:02:10,71.6872,128.8694,19.67,93,100,6.31,overcast clouds
305,Chifeng,CN,2022-10-13 21:00:24,42.2683,118.9636,53.73,29,100,2.82,overcast clouds
306,Fabriano,IT,2022-10-13 21:02:11,43.3406,12.9073,59.05,83,84,1.14,broken clouds
307,Broken Hill,AU,2022-10-13 21:02:11,-31.95,141.4333,49.37,79,14,12.97,few clouds
308,Lata,PT,2022-10-13 21:02:12,40.1629,-8.3327,63.07,96,23,2.19,few clouds
309,Perth,AU,2022-10-13 20:58:10,-31.9333,115.8333,47.66,92,0,0.0,clear sky
310,Taybad,IR,2022-10-13 21:02:12,34.74,60.7756,64.38,12,0,8.23,clear sky
311,Richards Bay,ZA,2022-10-13 21:02:12,-28.783,32.0377,74.1,80,84,11.95,broken clouds
312,Kamina,CD,2022-10-13 21:02:13,-8.7386,24.9906,70.3,31,6,2.26,clear sky
313,Bichura,RU,2022-10-13 21:02:13,50.5881,107.6022,32.47,82,99,4.63,overcast clouds
314,Camapua,BR,2022-10-13 21:02:14,-19.5314,-54.0439,80.22,59,100,1.5,overcast clouds
315,Hofn,IS,2022-10-13 21:02:14,64.2539,-15.2082,41.4,68,100,11.45,overcast clouds
316,Viedma,AR,2022-10-13 21:02:15,-40.8135,-62.9967,53.65,24,0,8.86,clear sky
317,Hellvik,NO,2022-10-13 21:02:15,59.9156,5.781,47.77,82,77,4.45,broken clouds
318,Madison,US,2022-10-13 20:59:14,34.7334,-86.5667,72.79,31,0,3.0,clear sky
319,Luoyang,CN,2022-10-13 21:02:16,34.6836,112.4536,61.59,42,99,3.4,overcast clouds
320,Carbonia,IT,2022-10-13 21:02:17,39.1672,8.5222,65.01,87,60,6.85,broken clouds
321,Okhotsk,RU,2022-10-13 21:02:17,59.3833,143.3,29.53,61,100,8.14,overcast clouds
322,Marsa Matruh,EG,2022-10-13 21:02:17,31.3525,27.2453,72.19,67,1,6.35,clear sky
323,Kutum,SD,2022-10-13 21:02:18,14.2,24.6667,77.52,21,25,13.24,scattered clouds
324,Nome,US,2022-10-13 21:02:18,64.5011,-165.4064,25.16,86,9,4.03,clear sky
325,Ixtapa,MX,2022-10-13 21:02:19,20.7,-105.2,87.22,62,20,10.36,few clouds
326,Pangnirtung,CA,2022-10-13 21:02:19,66.1451,-65.7125,21.09,65,7,2.84,clear sky
327,Brae,GB,2022-10-13 21:02:20,60.3964,-1.353,52.84,77,97,23.22,light rain
328,Pecos,US,2022-10-13 20:59:08,31.4229,-103.4932,78.89,38,0,8.05,clear sky
329,Hirara,JP,2022-10-13 21:02:20,24.8,125.2833,79.83,82,71,26.06,broken clouds
330,Biltine,TD,2022-10-13 21:02:21,14.5333,20.9167,87.53,15,99,15.43,overcast clouds
331,Bethel,US,2022-10-13 21:02:21,41.3712,-73.414,68.36,86,100,9.22,overcast clouds
332,Huamuxtitlan,MX,2022-10-13 21:02:21,17.8167,-98.5667,85.62,55,76,2.15,light rain
333,Sao Jose Da Coroa Grande,BR,2022-10-13 21:02:22,-8.8978,-35.1478,75.97,80,63,9.71,broken clouds
334,San Lorenzo,PY,2022-10-13 21:02:23,-25.3333,-57.5333,68.94,100,100,8.05,thunderstorm with rain
335,Nouadhibou,MR,2022-10-13 21:02:23,20.931,-17.0347,71.65,75,98,22.1,overcast clouds
336,Sucua,EC,2022-10-13 20:59:22,-2.4667,-78.1667,81.34,69,75,17.27,moderate rain
337,Clyde River,CA,2022-10-13 21:02:23,70.4692,-68.5914,23.74,63,86,11.21,overcast clouds
338,Boueni,YT,2022-10-13 21:02:24,-12.9025,45.0761,73.38,72,0,7.07,clear sky
339,Pangai,TO,2022-10-13 21:02:24,-19.8,-174.35,77.65,88,99,20.58,light rain
340,Santa Rosa,PH,2022-10-13 21:02:25,14.3122,121.1114,81.1,85,96,1.36,moderate rain
341,Zalantun,CN,2022-10-13 21:02:25,48.0,122.7167,40.84,46,7,2.51,clear sky
342,Tura,IN,2022-10-13 21:02:26,25.5198,90.2201,69.64,96,45,2.08,scattered clouds
343,Hede,CN,2022-10-13 21:02:26,33.7681,120.2517,55.9,86,5,2.75,clear sky
344,Gerash,IR,2022-10-13 21:02:27,27.6652,54.1371,74.41,43,1,3.0,clear sky
345,Praia,CV,2022-10-13 21:02:27,14.9215,-23.5087,79.34,89,20,16.11,few clouds
346,Teguise,ES,2022-10-13 21:02:27,29.0605,-13.564,71.82,73,40,25.32,scattered clouds
347,Ancud,CL,2022-10-13 21:02:28,-41.8697,-73.8203,44.94,83,100,15.61,light rain
348,Sioux Lookout,CA,2022-10-13 21:02:28,50.1001,-91.917,39.27,70,75,11.5,broken clouds
349,Port Hardy,CA,2022-10-13 21:02:28,50.6996,-127.4199,58.37,72,62,4.97,broken clouds
350,Palmer,US,2022-10-13 21:02:29,42.1584,-72.3287,67.5,77,100,14.97,overcast clouds
351,Bathsheba,BB,2022-10-13 21:02:29,13.2167,-59.5167,81.93,73,9,11.32,clear sky
352,Cidreira,BR,2022-10-13 21:02:30,-30.1811,-50.2056,66.07,88,76,6.69,broken clouds
353,Zhigansk,RU,2022-10-13 21:02:30,66.7697,123.3711,23.43,97,100,0.96,overcast clouds
354,Xinpu,CN,2022-10-13 21:02:30,34.5997,119.1594,54.59,86,74,0.29,broken clouds
355,Sandnessjoen,NO,2022-10-13 21:02:31,66.0217,12.6316,44.71,70,40,6.91,scattered clouds
356,Vredendal,ZA,2022-10-13 21:02:31,-31.6683,18.5012,56.07,94,7,6.89,clear sky
357,Barbosa Ferraz,BR,2022-10-13 21:02:32,-24.03,-52.0117,70.41,94,100,3.67,heavy intensity rain
358,Aspindza,GE,2022-10-13 21:02:33,41.5739,43.2483,49.64,86,100,0.92,overcast clouds
359,Poplar Bluff,US,2022-10-13 21:02:33,36.757,-90.3929,71.49,24,20,14.97,few clouds
360,Antofagasta,CL,2022-10-13 20:59:11,-23.65,-70.4,60.08,72,5,6.73,clear sky
361,Aripuana,BR,2022-10-13 21:02:33,-9.1667,-60.6333,77.99,82,100,2.33,overcast clouds
362,Mezhdurechensk,RU,2022-10-13 21:02:34,53.6942,88.0603,31.77,94,10,1.74,clear sky
363,Worland,US,2022-10-13 21:03:34,44.0169,-107.9554,63.9,32,0,7.0,clear sky
364,Pietarsaari,FI,2022-10-13 21:03:35,63.65,22.6833,48.33,87,100,15.48,light rain
365,Vertesszolos,HU,2022-10-13 21:03:36,47.6211,18.3813,55.49,69,25,5.17,scattered clouds
366,Alliance,US,2022-10-13 21:01:14,40.9153,-81.1059,56.88,57,23,13.24,few clouds
367,Huarmey,PE,2022-10-13 21:03:36,-10.0681,-78.1522,65.17,75,3,10.83,clear sky
368,Townsville,AU,2022-10-13 21:02:01,-19.25,146.8,72.48,78,40,10.36,scattered clouds
369,Waddan,LY,2022-10-13 21:03:38,29.1614,16.139,81.99,22,100,3.44,overcast clouds
370,Roncesvalles,CO,2022-10-13 21:00:12,4.0108,-75.6049,57.76,93,100,0.11,overcast clouds
371,Gamba,GA,2022-10-13 21:03:39,-2.65,10.0,76.17,92,86,4.41,light rain
372,Bonthe,SL,2022-10-13 21:03:08,7.5264,-12.505,77.72,86,90,5.93,light rain
373,Jalgaon,IN,2022-10-13 21:03:40,21.0167,75.5667,72.05,73,93,3.76,overcast clouds
374,Araceli,PH,2022-10-13 21:03:40,10.5529,119.9913,84.0,76,100,19.13,overcast clouds
375,Arawa,PG,2022-10-13 21:03:41,-6.2132,155.5367,79.72,84,100,2.59,overcast clouds
376,Mahibadhoo,MV,2022-10-13 21:03:42,3.7833,72.9667,78.6,82,100,22.46,overcast clouds
377,Suchiate,MX,2022-10-13 21:03:43,14.55,-92.2167,86.18,79,96,13.49,light rain
378,Dharchula,IN,2022-10-13 21:03:44,29.85,80.5333,56.8,65,0,7.09,clear sky
379,Matai,TZ,2022-10-13 21:03:44,-8.3,31.5167,61.29,35,10,5.93,clear sky
380,Marsabit,KE,2022-10-13 21:02:24,2.3284,37.9899,71.56,42,55,15.84,broken clouds
381,Bastia,FR,2022-10-13 21:03:46,42.6667,9.3333,68.31,63,0,3.44,clear sky
382,Valparaiso,CL,2022-10-13 20:59:15,-33.0393,-71.6273,71.83,50,0,14.97,clear sky
383,Chapais,CA,2022-10-13 21:03:47,49.7834,-74.8492,51.58,91,100,15.37,overcast clouds
384,Kaohsiung,TW,2022-10-13 21:00:08,22.6163,120.3133,78.04,84,7,4.88,clear sky
385,Nelson Bay,AU,2022-10-13 21:03:48,-32.7167,152.15,64.09,92,100,1.99,light rain
386,Laviana,ES,2022-10-13 21:03:49,43.2333,-5.5333,64.29,78,76,4.03,broken clouds
387,Safita,SY,2022-10-13 21:03:49,34.8205,36.1153,67.6,79,36,3.06,scattered clouds
388,Evensk,RU,2022-10-13 21:03:50,61.95,159.2333,22.12,68,100,4.52,overcast clouds
389,Saravan,AM,2022-10-13 21:03:51,39.7196,45.6483,46.13,81,52,4.09,broken clouds
390,Chernushka,RU,2022-10-13 21:03:51,56.5072,56.0766,47.88,64,100,4.12,overcast clouds
391,Caltanissetta,IT,2022-10-13 21:03:52,37.3745,14.0642,65.59,98,14,5.48,few clouds
392,Albion,US,2022-10-13 21:03:52,42.2431,-84.753,55.26,46,100,6.91,overcast clouds
393,Sorong,ID,2022-10-13 21:03:52,-0.8833,131.25,78.89,83,100,4.18,overcast clouds
394,Atasu,KZ,2022-10-13 21:03:53,48.6814,71.6433,48.38,33,40,6.76,scattered clouds
395,Esperance,AU,2022-10-13 21:03:53,-33.8667,121.9,51.01,79,87,8.9,overcast clouds
396,Vila,PT,2022-10-13 21:03:54,42.0304,-8.1588,54.48,87,21,1.5,few clouds
397,Zyryanka,RU,2022-10-13 21:03:54,65.75,150.85,16.7,97,100,0.72,light snow
398,Jumla,NP,2022-10-13 21:01:23,29.2747,82.1838,45.59,79,0,4.43,clear sky
399,Cockburn Town,TC,2022-10-13 21:01:20,21.4612,-71.1419,82.35,72,2,14.14,clear sky
400,Daman,IN,2022-10-13 21:03:55,20.4167,72.85,77.49,67,94,9.42,overcast clouds
401,Lompoc,US,2022-10-13 21:00:53,34.6391,-120.4579,81.01,80,75,11.5,broken clouds
402,Archena,ES,2022-10-13 21:03:55,38.1163,-1.3004,68.52,80,44,1.95,scattered clouds
403,Harper,LR,2022-10-13 21:03:56,4.375,-7.7169,77.0,86,62,8.12,broken clouds
404,Zhangye,CN,2022-10-13 21:03:56,38.9342,100.4517,43.84,42,51,2.95,broken clouds
405,Shenzhen,CN,2022-10-13 21:02:32,22.5455,114.0683,80.98,91,51,5.77,broken clouds
406,Presidente Dutra,BR,2022-10-13 21:03:56,-5.29,-44.49,92.91,26,88,4.63,overcast clouds
407,Medicine Hat,CA,2022-10-13 21:03:57,50.0501,-110.6683,65.84,35,18,3.0,few clouds
408,Quijingue,BR,2022-10-13 21:03:57,-10.7525,-39.2092,79.79,51,53,11.14,broken clouds
409,Hobyo,SO,2022-10-13 21:03:57,5.3505,48.5268,77.54,84,70,21.99,broken clouds
410,Fort Nelson,CA,2022-10-13 21:00:47,58.8053,-122.7002,73.94,29,35,10.0,scattered clouds
411,Nortelandia,BR,2022-10-13 21:03:58,-14.4547,-56.8028,84.65,54,70,6.91,broken clouds
412,Srednekolymsk,RU,2022-10-13 21:03:59,67.45,153.6833,12.09,93,100,5.23,overcast clouds
413,Flinders,AU,2022-10-13 21:03:59,-34.5833,150.8552,63.37,89,100,5.99,light rain
414,Bay City,US,2022-10-13 21:01:07,43.5945,-83.8889,49.1,76,75,12.66,broken clouds
415,Den Helder,NL,2022-10-13 21:04:00,52.9599,4.7593,53.58,93,100,2.3,mist
416,Shediac,CA,2022-10-13 21:00:47,46.2198,-64.5411,64.09,68,44,5.7,scattered clouds
417,Moravske Budejovice,CZ,2022-10-13 21:04:00,49.0521,15.8086,53.1,90,100,1.72,overcast clouds
418,Neuquen,AR,2022-10-13 21:04:01,-38.9516,-68.0591,62.19,15,41,4.41,scattered clouds
419,Te Anau,NZ,2022-10-13 21:04:01,-45.4167,167.7167,47.93,68,19,0.78,few clouds
420,Mocuba,MZ,2022-10-13 21:03:53,-16.8392,36.9856,71.31,90,1,3.02,clear sky
421,Pingdingshan,CN,2022-10-13 21:04:02,33.7385,113.3012,58.98,56,75,2.33,broken clouds
422,Raga,SS,2022-10-13 21:04:02,8.4596,25.678,74.66,81,19,1.79,few clouds
423,Kudat,MY,2022-10-13 21:01:20,6.8837,116.8477,78.76,82,100,7.2,overcast clouds
424,Iskateley,RU,2022-10-13 21:04:02,67.6803,53.1512,36.66,88,41,10.09,scattered clouds
425,Bonavista,CA,2022-10-13 21:04:03,48.6499,-53.1147,51.89,76,25,7.11,scattered clouds
426,Beisfjord,NO,2022-10-13 21:04:03,68.3751,17.5988,42.85,92,97,2.8,overcast clouds
427,Diebougou,BF,2022-10-13 21:04:04,10.9667,-3.25,78.42,59,89,0.89,overcast clouds
428,Port-Cartier,CA,2022-10-13 21:04:04,50.0334,-66.8654,51.75,89,91,7.81,overcast clouds
429,La Orilla,MX,2022-10-13 21:04:04,17.9833,-102.2333,84.42,72,44,6.15,scattered clouds
430,Simplicio Mendes,BR,2022-10-13 21:04:05,-7.8539,-41.9103,89.65,27,94,5.12,overcast clouds
431,Amazar,RU,2022-10-13 21:04:06,53.858,120.875,34.79,81,100,2.13,overcast clouds
432,Guhagar,IN,2022-10-13 21:04:06,17.4842,73.1929,76.48,90,84,5.1,broken clouds
433,San Cristobal,VE,2022-10-13 21:04:07,7.7669,-72.225,68.18,70,100,2.84,overcast clouds
434,Dubti,ET,2022-10-13 21:04:07,11.7361,41.0853,90.52,30,46,9.6,scattered clouds
435,Mosquera,CO,2022-10-13 21:02:42,4.7059,-74.2302,58.35,87,100,3.47,heavy intensity rain
436,Narasannapeta,IN,2022-10-13 21:04:08,18.4167,84.05,76.91,89,21,5.82,few clouds
437,Maragogi,BR,2022-10-13 21:04:08,-9.0122,-35.2225,75.69,80,63,9.64,broken clouds
438,Norilsk,RU,2022-10-13 21:04:09,69.3535,88.2027,26.67,94,100,6.8,overcast clouds
439,Jambi,ID,2022-10-13 21:04:09,-1.6,103.6167,73.78,98,100,2.26,moderate rain
440,Yulara,AU,2022-10-13 21:04:09,-25.2406,130.9889,51.03,53,0,9.26,clear sky
441,Ongandjera,NA,2022-10-13 21:04:10,-17.8833,15.0667,78.49,17,84,9.1,broken clouds
442,Quatre Cocos,MU,2022-10-13 21:03:49,-20.2078,57.7625,71.1,72,18,18.12,few clouds
443,Plastun,RU,2022-10-13 21:04:11,44.7561,136.2939,46.35,87,6,5.3,clear sky
444,Lucea,JM,2022-10-13 21:04:11,18.451,-78.1736,87.85,75,100,1.9,overcast clouds
445,Mattru,SL,2022-10-13 21:04:11,7.6244,-11.8332,73.56,96,92,1.74,moderate rain
446,Morros,BR,2022-10-13 21:04:12,-9.4467,-46.3003,91.74,18,60,7.36,broken clouds
447,Menomonie,US,2022-10-13 21:04:12,44.8755,-91.9193,42.82,38,100,12.91,overcast clouds
448,Anadyr,RU,2022-10-13 21:04:12,64.75,177.4833,16.3,92,20,4.47,few clouds
449,Rusape,ZW,2022-10-13 21:04:13,-18.5278,32.1284,61.48,41,36,6.24,scattered clouds
450,Fairbanks,US,2022-10-13 21:00:02,64.8378,-147.7164,27.23,86,16,2.8,few clouds
451,Moree,AU,2022-10-13 21:04:13,-29.4667,149.85,62.62,88,75,8.05,light rain
452,Grindavik,IS,2022-10-13 21:04:15,63.8424,-22.4338,39.67,81,0,16.11,clear sky
453,Turukhansk,RU,2022-10-13 21:04:15,65.8167,87.9833,31.89,90,100,4.23,overcast clouds
454,Narsaq,GL,2022-10-13 21:04:16,60.9167,-46.05,30.42,71,2,6.33,clear sky
455,The Valley,AI,2022-10-13 21:04:16,18.217,-63.0578,84.34,74,40,8.05,scattered clouds
456,Umm Lajj,SA,2022-10-13 21:04:17,25.0213,37.2685,82.38,60,0,10.74,clear sky
457,Delijan,IR,2022-10-13 21:04:17,33.9905,50.6838,65.62,25,0,2.91,clear sky
458,Coihaique,CL,2022-10-13 21:04:18,-45.5752,-72.0662,47.01,61,75,6.91,broken clouds
459,Mount Isa,AU,2022-10-13 21:04:18,-20.7333,139.5,67.77,40,40,17.27,scattered clouds
460,Road Town,VG,2022-10-13 21:04:18,18.4167,-64.6167,84.29,79,20,6.91,few clouds
461,Flin Flon,CA,2022-10-13 21:04:19,54.7682,-101.865,39.63,46,70,19.37,broken clouds
462,Nyurba,RU,2022-10-13 21:04:19,63.2842,118.3319,32.52,99,100,3.98,light snow
463,Gambela,ET,2022-10-13 21:04:19,8.25,34.5833,70.95,88,100,3.65,overcast clouds
464,Kwinana,AU,2022-10-13 21:04:20,-32.25,115.7667,46.81,83,12,7.38,few clouds
465,Kabare,CD,2022-10-13 21:04:20,-2.4683,28.8242,64.42,77,74,0.98,broken clouds
466,Alta Floresta,BR,2022-10-13 21:04:21,-9.8756,-56.0861,76.23,77,76,5.39,broken clouds
467,Carutapera,BR,2022-10-13 21:04:21,-1.195,-46.02,80.64,77,24,10.38,few clouds
468,Pisco,PE,2022-10-13 21:03:22,-13.7,-76.2167,63.01,72,75,6.91,broken clouds
469,Saint Simons,US,2022-10-13 21:04:22,31.1352,-81.3901,88.02,45,0,9.22,clear sky
470,Paraibano,BR,2022-10-13 21:04:22,-6.4331,-43.9836,89.46,28,98,3.4,overcast clouds
471,Constitucion,CL,2022-10-13 21:00:57,-35.3333,-72.4167,57.6,52,2,19.69,clear sky
472,Kitami,JP,2022-10-13 21:01:06,43.8031,143.8908,46.11,94,96,5.39,overcast clouds
473,Vostochnyy,RU,2022-10-13 21:04:23,55.8167,37.8667,42.12,67,87,4.65,overcast clouds
474,Rawson,AR,2022-10-13 21:04:23,-43.3002,-65.1023,54.48,30,2,3.47,clear sky
475,Hojai,IN,2022-10-13 21:04:24,26.0,92.8667,72.3,97,67,0.56,broken clouds
476,Safaga,EG,2022-10-13 21:04:24,26.7292,33.9365,79.61,46,0,14.74,clear sky
477,Kushmurun,KZ,2022-10-13 21:04:24,52.4503,64.6311,50.52,40,85,6.51,overcast clouds
478,Thomasville,US,2022-10-13 21:02:03,35.8826,-80.082,77.41,78,99,7.11,overcast clouds
479,Yondo,CO,2022-10-13 21:04:25,7.0062,-73.9097,86.02,69,98,3.53,light rain
480,Coruripe,BR,2022-10-13 21:04:25,-10.1256,-36.1756,75.16,77,80,8.72,broken clouds
481,Mackay,AU,2022-10-13 21:00:14,-21.15,149.2,71.69,76,25,5.46,scattered clouds
482,Kargasok,RU,2022-10-13 21:04:26,59.0556,80.8572,32.83,87,30,5.3,scattered clouds
483,Khani,GE,2022-10-13 21:04:26,41.9563,42.9566,42.37,77,98,3.04,overcast clouds
484,Edeia,BR,2022-10-13 21:04:27,-17.3383,-49.9314,87.4,23,56,7.72,broken clouds
485,Karasburg,NA,2022-10-13 21:04:27,-28.0167,18.75,67.89,30,0,11.43,clear sky
486,Xai-Xai,MZ,2022-10-13 21:04:28,-25.0519,33.6442,69.62,86,15,8.43,few clouds
487,Bernay,FR,2022-10-13 21:04:28,49.1667,0.6667,57.83,94,100,5.66,overcast clouds
488,Hambantota,LK,2022-10-13 21:04:29,6.1241,81.1185,77.74,84,100,14.92,overcast clouds
489,Kolpny,RU,2022-10-13 21:04:29,52.2282,37.0368,43.48,75,97,5.08,overcast clouds
490,Suntar,RU,2022-10-13 21:04:29,62.1444,117.6319,31.35,97,95,6.33,light snow
491,Menzelinsk,RU,2022-10-13 21:04:30,55.7271,53.1026,47.23,87,100,4.03,overcast clouds
492,Igarka,RU,2022-10-13 21:04:30,67.4667,86.5833,31.93,93,100,7.29,overcast clouds
493,Chavakachcheri,LK,2022-10-13 21:04:30,9.6579,80.1643,78.91,85,26,9.33,scattered clouds
494,Alice Springs,AU,2022-10-13 21:00:14,-23.7,133.8833,44.15,76,27,0.0,scattered clouds
495,Auce,LV,2022-10-13 21:04:31,56.4598,22.9017,45.01,81,31,7.29,scattered clouds
496,Vardo,NO,2022-10-13 21:04:31,70.3705,31.1107,35.58,87,100,4.61,overcast clouds
497,Lahad Datu,MY,2022-10-13 21:04:32,5.0268,118.327,77.04,90,97,1.61,overcast clouds
498,Victoria,HK,2022-10-13 21:02:18,22.2855,114.1577,78.85,75,57,8.99,broken clouds
499,San Andres,CO,2022-10-13 21:04:32,12.5847,-81.7006,84.22,70,40,5.75,scattered clouds
500,Cheremshan,RU,2022-10-13 21:04:32,54.6667,51.5,47.43,92,99,9.08,overcast clouds
501,Kenai,US,2022-10-13 21:04:33,60.5544,-151.2583,42.15,56,0,0.0,clear sky
502,Sovetskaya Gavan,RU,2022-10-13 21:04:33,48.9723,140.2878,43.68,75,0,5.57,clear sky
503,Manavalakurichi,IN,2022-10-13 21:04:34,8.1333,77.3,77.65,86,100,7.63,light rain
504,Balykshi,KZ,2022-10-13 21:04:34,47.0667,51.8667,46.4,61,0,6.71,clear sky
505,Newport,GB,2022-10-13 21:03:45,51.5877,-2.9984,56.62,88,100,5.26,overcast clouds
506,Tifton,US,2022-10-13 21:03:54,31.4505,-83.5085,84.16,60,100,9.91,overcast clouds
507,Kristinehamn,SE,2022-10-13 21:04:35,59.3098,14.1081,50.56,86,100,8.55,overcast clouds
508,Luebo,CD,2022-10-13 21:04:35,-5.35,21.4167,73.08,78,43,1.95,scattered clouds
509,Bosobolo,CD,2022-10-13 21:04:36,4.1833,19.9,72.61,94,100,2.55,overcast clouds
510,Fernie,CA,2022-10-13 21:00:17,49.5,-115.0687,62.65,38,9,4.85,clear sky
511,Port Macquarie,AU,2022-10-13 21:04:36,-31.4333,152.9167,60.89,83,100,11.34,moderate rain
512,Krasnyy Klyuch,RU,2022-10-13 21:04:37,55.3863,56.6529,47.82,89,100,3.58,overcast clouds
513,Chokwe,MZ,2022-10-13 21:04:37,-24.5333,32.9833,77.58,57,7,9.31,clear sky
514,Paita,PE,2022-10-13 21:04:38,-5.0892,-81.1144,67.66,71,34,18.39,scattered clouds
515,Belmonte,BR,2022-10-13 21:04:38,-15.8631,-38.8828,75.52,76,11,8.19,few clouds
516,Tarauaca,BR,2022-10-13 21:04:39,-8.1614,-70.7656,88.09,55,86,2.73,overcast clouds
517,Lorengau,PG,2022-10-13 21:04:39,-2.0226,147.2712,80.46,71,89,0.58,overcast clouds
518,Nsoko,SZ,2022-10-13 21:04:39,-27.0333,31.95,71.28,85,2,3.83,clear sky
519,Batemans Bay,AU,2022-10-13 21:00:31,-35.7167,150.1833,62.1,81,100,10.85,overcast clouds
520,Seoul,KR,2022-10-13 21:00:37,37.5683,126.9778,54.84,64,100,2.48,overcast clouds
521,Yuncheng,CN,2022-10-13 21:04:40,35.0231,110.9928,58.39,75,100,4.34,overcast clouds
522,Keti Bandar,PK,2022-10-13 21:04:41,24.1447,67.4497,80.78,52,7,8.5,clear sky
523,Mahanoro,MG,2022-10-13 21:04:41,-19.9,48.8,68.04,81,42,0.65,light rain
524,Jaciara,BR,2022-10-13 21:04:41,-15.9653,-54.9683,88.0,40,92,1.25,overcast clouds
525,Torbat-E Jam,IR,2022-10-13 21:04:42,35.244,60.6225,61.29,13,1,8.21,clear sky
526,Oistins,BB,2022-10-13 21:04:42,13.0667,-59.5333,84.29,74,20,12.66,few clouds
527,Vila Velha,BR,2022-10-13 21:04:43,-20.3297,-40.2925,76.95,78,75,12.66,broken clouds
528,Solton,RU,2022-10-13 21:04:44,52.8429,86.4787,34.99,79,8,3.29,clear sky
529,Itum-Kale,RU,2022-10-13 21:04:45,42.7356,45.5758,52.09,73,100,0.54,overcast clouds
530,Novopskov,UA,2022-10-13 21:04:46,49.5464,39.0899,49.01,65,100,6.64,overcast clouds
531,Dunedin,NZ,2022-10-13 21:00:15,-45.8742,170.5036,46.8,79,95,1.99,overcast clouds
532,Roros,NO,2022-10-13 21:04:47,62.5747,11.3842,33.64,93,100,0.0,overcast clouds
533,North Battleford,CA,2022-10-13 21:00:58,52.7834,-108.2847,59.4,33,35,12.3,scattered clouds
534,Manuk Mangkaw,PH,2022-10-13 21:04:48,4.8,119.85,83.12,75,100,16.89,overcast clouds
535,Mhango,TZ,2022-10-13 21:04:49,-3.2833,32.85,76.33,31,35,5.19,scattered clouds
536,Parana,AR,2022-10-13 21:04:49,-31.732,-60.5238,67.57,30,53,13.82,broken clouds
537,Dumingag,PH,2022-10-13 21:04:50,8.1692,123.3506,75.24,97,99,1.92,overcast clouds
538,Conceicao Do Araguaia,BR,2022-10-13 21:04:51,-8.2578,-49.2647,93.96,20,77,4.79,broken clouds
539,De-Kastri,RU,2022-10-13 21:04:51,51.4667,140.7833,40.06,79,6,5.57,clear sky
540,Riyadh,SA,2022-10-13 21:02:34,24.6877,46.7219,79.27,21,0,6.73,clear sky
541,Muromtsevo,RU,2022-10-13 21:04:53,56.3724,75.2418,37.72,81,95,7.83,overcast clouds
542,Olinda,BR,2022-10-13 21:03:47,-8.0089,-34.8553,80.33,65,40,9.22,scattered clouds
543,Shchelkun,RU,2022-10-13 21:04:54,56.3034,60.9483,47.77,68,100,3.71,overcast clouds
544,Bilma,NE,2022-10-13 21:04:54,18.6853,12.9164,84.58,14,0,6.76,clear sky
545,Ardmore,US,2022-10-13 21:00:46,34.1743,-97.1436,78.46,18,0,6.91,clear sky
546,Rio Negro,BR,2022-10-13 21:04:55,-26.1058,-49.7975,63.55,97,100,4.85,overcast clouds
547,Pitimbu,BR,2022-10-13 21:04:56,-7.4706,-34.8086,79.39,78,47,12.77,scattered clouds
548,Pochutla,MX,2022-10-13 21:04:57,15.7432,-96.4661,83.82,78,100,5.03,light rain
549,Greenwood,US,2022-10-13 21:04:14,34.1668,-82.1165,78.8,57,0,9.22,clear sky
550,Nuevo Progreso,MX,2022-10-13 21:04:58,23.1667,-97.95,91.54,60,45,7.0,scattered clouds
551,Taoudenni,ML,2022-10-13 21:04:58,22.6783,-3.9836,92.57,12,24,6.76,few clouds
552,Sechura,PE,2022-10-13 21:04:59,-5.5569,-80.8222,75.61,53,16,16.91,few clouds
553,Nemuro,JP,2022-10-13 21:01:06,43.3236,145.575,57.79,76,98,11.16,overcast clouds
554,Termoli,IT,2022-10-13 21:05:00,41.9888,14.9895,63.79,84,100,7.07,overcast clouds
555,Hamilton,US,2022-10-13 21:01:58,39.1834,-84.5333,64.76,32,40,9.22,scattered clouds
556,Dongsheng,CN,2022-10-13 21:04:11,39.8161,109.9776,46.09,43,11,4.32,few clouds
557,Champerico,GT,2022-10-13 21:05:02,14.3,-91.9167,82.56,80,100,12.97,moderate rain
558,Mokhsogollokh,RU,2022-10-13 21:05:03,61.4681,128.9203,25.81,96,98,3.8,overcast clouds
559,Sangmelima,CM,2022-10-13 21:05:04,2.9333,11.9833,67.42,99,100,2.95,light rain
560,Conde,BR,2022-10-13 21:05:05,-7.2597,-34.9075,78.26,73,20,13.8,few clouds
561,Vostok,RU,2022-10-13 21:05:06,46.4856,135.8833,39.85,94,6,4.7,clear sky
562,Yerbogachen,RU,2022-10-13 21:05:07,61.2767,108.0108,30.81,97,100,6.82,light snow
563,Tekkali,IN,2022-10-13 21:05:07,18.6167,84.2333,76.37,89,16,5.5,few clouds
564,Ahipara,NZ,2022-10-13 21:05:08,-35.1667,173.1667,60.15,73,95,12.88,overcast clouds
565,Arandis,NA,2022-10-13 21:05:09,-22.4167,14.9667,65.79,59,84,3.85,broken clouds
566,Petropavlovsk-Kamchatskiy,RU,2022-10-13 21:05:10,53.0452,158.6483,36.19,65,0,11.18,clear sky
567,Iralaya,HN,2022-10-13 21:05:10,15.0,-83.2333,83.84,73,99,6.46,overcast clouds
568,Santa Cruz,BO,2022-10-13 21:05:11,-17.8,-63.1667,81.86,65,75,12.66,broken clouds
569,Baisha,CN,2022-10-13 21:05:12,26.5222,110.9311,55.4,54,7,1.86,clear sky
570,Grand Gaube,MU,2022-10-13 21:05:13,-20.0064,57.6608,71.38,66,1,8.99,clear sky
571,Key West,US,2022-10-13 21:05:14,24.5557,-81.7826,87.8,80,75,12.66,haze
572,Panama City,PA,2022-10-13 21:01:36,8.9936,-79.5197,81.14,74,99,4.65,overcast clouds
573,Namwala,ZM,2022-10-13 21:05:15,-15.7504,26.4384,75.0,28,46,4.9,scattered clouds
574,Buala,SB,2022-10-13 21:05:16,-8.145,159.5921,82.98,69,98,7.11,overcast clouds
575,Sale,MA,2022-10-13 21:04:54,34.0389,-6.8166,69.75,82,0,0.0,clear sky
576,Tuatapere,NZ,2022-10-13 21:05:17,-46.1333,167.6833,49.42,67,9,3.11,clear sky
577,Laguna,US,2022-10-13 21:04:23,38.421,-121.4238,85.42,45,0,3.44,clear sky
578,Lazaro Cardenas,MX,2022-10-13 21:05:18,17.9583,-102.2,84.6,72,38,6.22,scattered clouds
579,Ust-Shonosha,RU,2022-10-13 21:05:19,61.1531,41.343,34.61,93,7,4.32,clear sky
580,Henties Bay,NA,2022-10-13 21:05:19,-22.116,14.2845,57.52,92,64,11.01,broken clouds
581,Prince Rupert,CA,2022-10-13 21:05:20,54.3161,-130.3201,51.89,100,100,11.5,moderate rain
582,Dakar,SN,2022-10-13 21:05:21,14.6937,-17.4441,81.48,79,5,9.31,clear sky
583,Fortuna,US,2022-10-13 21:05:22,40.5982,-124.1573,61.72,78,0,11.5,clear sky
584,Ostrovnoy,RU,2022-10-13 21:05:24,68.0531,39.5131,42.67,82,100,22.77,overcast clouds
585,Taltal,CL,2022-10-13 21:05:24,-25.4,-70.4833,62.01,65,23,5.48,few clouds
586,Makakilo City,US,2022-10-13 21:05:25,21.3469,-158.0858,86.45,59,0,11.5,clear sky
587,Kysyl-Syr,RU,2022-10-13 21:05:25,63.8986,122.7617,31.68,99,100,0.56,overcast clouds
588,Wanning,CN,2022-10-13 21:05:26,18.8003,110.3967,74.59,77,100,15.14,overcast clouds
589,Sambava,MG,2022-10-13 21:05:27,-14.2667,50.1667,69.13,81,6,13.24,clear sky
590,Pamekasan,ID,2022-10-13 21:05:27,-7.1568,113.4746,79.2,80,100,3.31,overcast clouds
591,Tarashcha,UA,2022-10-13 21:05:28,49.5583,30.4926,44.02,70,7,2.35,clear sky
592,Gualaceo,EC,2022-10-13 21:05:29,-2.9,-78.7833,64.72,80,99,3.06,moderate rain
593,Ambato,EC,2022-10-13 21:05:12,-1.2491,-78.6168,68.4,19,89,17.0,overcast clouds
594,Nieuw Amsterdam,SR,2022-10-13 21:05:30,5.8833,-55.0833,78.03,93,40,2.3,thunderstorm with light rain
595,Katherine,AU,2022-10-13 21:05:31,-14.4667,132.2667,82.72,65,63,4.61,broken clouds
596,Roma,US,2022-10-13 21:01:24,43.2128,-75.4557,54.09,96,100,4.61,mist
597,Walvis Bay,NA,2022-10-13 21:05:32,-22.9575,14.5053,58.08,92,22,9.22,few clouds
598,Ngama,TD,2022-10-13 21:05:33,11.7833,17.1667,87.3,38,48,6.96,scattered clouds
599,Kangaba,ML,2022-10-13 21:05:33,11.9333,-8.4167,80.82,55,50,3.15,scattered clouds
600,Barhi,IN,2022-10-13 21:05:34,23.9,80.8,68.36,70,1,3.04,clear sky
601,Goianesia,BR,2022-10-13 21:05:35,-15.3175,-49.1175,87.44,18,97,5.79,overcast clouds
602,Tual,ID,2022-10-13 21:05:36,-5.6667,132.75,83.46,77,83,12.1,broken clouds
603,Nakhon Sawan,TH,2022-10-13 21:05:37,15.7,100.0833,73.98,85,97,0.47,overcast clouds
604,Tevriz,RU,2022-10-13 21:05:37,57.509,72.4042,39.88,69,97,7.9,overcast clouds
605,Kaliningrad,RU,2022-10-13 21:05:38,54.7065,20.511,46.96,74,66,7.81,broken clouds
606,Abalak,RU,2022-10-13 21:05:39,58.1286,68.5944,43.03,76,97,9.8,overcast clouds
607,Gat,IL,2022-10-13 21:05:40,31.61,34.7642,72.28,100,12,4.21,few clouds
608,Honiara,SB,2022-10-13 21:05:41,-9.4333,159.95,81.36,76,100,4.14,light rain
609,Kiama,AU,2022-10-13 21:05:41,-34.6833,150.8667,63.57,89,100,5.99,light rain
610,Mogadishu,SO,2022-10-13 21:05:42,2.0371,45.3438,77.09,83,29,13.29,scattered clouds
611,Najran,SA,2022-10-13 21:05:43,17.4924,44.1277,67.06,17,36,2.53,scattered clouds
612,Hohhot,CN,2022-10-13 21:05:43,40.8106,111.6522,46.51,55,8,0.31,clear sky
613,Strezhevoy,RU,2022-10-13 21:05:44,60.7333,77.5889,33.31,90,17,6.33,few clouds
614,Waingapu,ID,2022-10-13 21:05:44,-9.6567,120.2641,78.1,77,19,2.93,few clouds
615,Batagay,RU,2022-10-13 21:05:45,67.6333,134.6333,-2.99,99,89,2.75,overcast clouds
616,Bagdarin,RU,2022-10-13 21:05:46,54.4333,113.6,31.3,90,100,1.3,overcast clouds
617,Liseleje,DK,2022-10-13 21:05:47,56.0053,11.9483,52.18,91,100,10.63,overcast clouds
618,Kirakira,SB,2022-10-13 21:05:47,-10.4544,161.9205,83.52,70,74,9.35,broken clouds
619,Laibin,CN,2022-10-13 21:05:48,23.7,109.2667,65.8,35,58,8.59,broken clouds
620,Shu,KZ,2022-10-13 21:05:49,43.5983,73.7614,56.37,16,100,6.98,overcast clouds
621,Surt,LY,2022-10-13 21:05:49,31.2089,16.5887,81.41,40,44,13.33,scattered clouds
622,Elk,PL,2022-10-13 21:05:50,53.8282,22.3647,44.46,80,8,7.49,clear sky
623,Lolodorf,CM,2022-10-13 21:05:51,3.2333,10.7333,70.57,100,100,1.77,moderate rain
624,Cairns,AU,2022-10-13 21:05:51,-16.9167,145.7667,72.07,97,100,4.61,light intensity shower rain
625,Bosaso,SO,2022-10-13 21:05:51,11.2842,49.1816,81.18,44,9,7.47,clear sky
626,La Ronge,CA,2022-10-13 21:01:10,55.1001,-105.2842,45.48,25,0,16.6,clear sky
627,Baoding,CN,2022-10-13 21:05:52,38.8511,115.4903,56.55,41,100,0.65,overcast clouds
628,Mandurah,AU,2022-10-13 21:01:40,-32.55,115.7,50.14,77,49,5.82,scattered clouds
629,Shumskiy,RU,2022-10-13 21:05:52,54.8318,99.1328,32.58,87,100,2.21,overcast clouds
630,Malindi,KE,2022-10-13 21:05:53,-3.2175,40.1191,75.31,82,93,16.28,overcast clouds
631,Imbituba,BR,2022-10-13 21:05:53,-28.24,-48.6703,66.45,97,99,6.51,light rain
632,Lev Tolstoy,RU,2022-10-13 21:05:53,53.2134,39.446,41.92,73,95,6.24,overcast clouds
633,Yumen,CN,2022-10-13 21:05:54,40.2833,97.2,43.14,37,2,10.51,clear sky
634,Mildura,AU,2022-10-13 21:05:54,-34.2,142.15,50.07,92,1,17.18,clear sky
635,Mayya,RU,2022-10-13 21:05:54,61.7333,130.2811,29.52,93,100,5.28,overcast clouds
636,Noumea,NC,2022-10-13 21:05:55,-22.2763,166.4572,73.38,65,100,8.48,overcast clouds
637,Half Moon Bay,US,2022-10-13 21:05:55,37.4636,-122.4286,78.58,77,100,14.97,overcast clouds
638,Taywarah,AF,2022-10-13 21:05:56,33.35,64.4167,39.85,24,0,4.76,clear sky
639,Kallithea,GR,2022-10-13 21:05:56,37.95,23.7,68.45,51,20,1.99,few clouds
640,Qandala,SO,2022-10-13 21:05:56,11.472,49.8728,82.94,38,4,6.11,clear sky
641,Juba,SS,2022-10-13 21:05:57,4.8517,31.5825,75.34,67,95,2.62,overcast clouds
642,Tongren,CN,2022-10-13 21:05:57,27.7172,109.1853,57.07,46,2,2.48,clear sky
643,Sakakah,SA,2022-10-13 21:04:31,29.9697,40.2064,76.17,32,0,6.55,clear sky
644,Rocha,UY,2022-10-13 21:01:10,-34.4833,-54.3333,51.12,57,75,13.69,broken clouds
645,Butte,US,2022-10-13 21:05:59,39.6499,-121.5677,86.99,42,0,4.61,clear sky
646,Baoshan,CN,2022-10-13 21:05:59,46.5586,131.4244,44.38,89,0,5.61,clear sky
647,Drexel Heights,US,2022-10-13 21:05:59,32.1412,-111.0284,92.52,18,0,5.75,clear sky
648,Manaure,CO,2022-10-13 21:06:00,11.7751,-72.4445,86.2,69,100,5.68,overcast clouds
649,Fuyu,CN,2022-10-13 21:06:00,45.1833,124.8167,46.67,53,61,3.18,broken clouds
650,Santa Barbara,US,2022-10-13 21:03:29,34.7333,-120.0343,74.23,56,0,11.5,clear sky
651,Puquio,PE,2022-10-13 21:06:01,-14.7,-74.1333,59.9,16,0,14.18,clear sky
652,Tieli,CN,2022-10-13 21:05:20,46.95,128.05,41.32,74,0,3.78,clear sky
653,Chihuahua,MX,2022-10-13 21:05:46,28.5,-106.0,78.21,28,7,4.81,clear sky
654,Katangli,RU,2022-10-13 21:06:01,51.7102,143.2326,39.92,94,6,11.65,clear sky
655,Tafo,GH,2022-10-13 21:06:01,6.7345,-1.6127,71.83,94,71,2.19,broken clouds
656,Leon,MX,2022-10-13 21:06:02,21.1167,-101.6667,78.82,38,62,7.52,broken clouds
657,Madhipura,IN,2022-10-13 21:06:02,25.9167,86.7833,79.23,68,91,3.71,overcast clouds
658,Oyek,RU,2022-10-13 21:06:03,52.5861,104.4556,30.58,92,89,6.96,overcast clouds
659,Pierre,US,2022-10-13 21:02:02,44.3683,-100.351,59.27,20,78,20.0,broken clouds
660,Pirgos,GR,2022-10-13 21:06:03,35.1167,25.7178,69.62,50,46,7.05,scattered clouds
661,Trenggalek,ID,2022-10-13 21:06:04,-8.05,111.7167,74.16,94,94,2.68,overcast clouds
662,Torquay,GB,2022-10-13 21:06:04,50.4638,-3.5143,56.93,94,100,8.08,overcast clouds
663,Healdsburg,US,2022-10-13 21:04:06,38.6105,-122.8692,98.31,54,0,4.61,clear sky
664,Acarau,BR,2022-10-13 21:06:05,-2.8856,-40.12,79.48,80,90,18.43,overcast clouds
665,Salinopolis,BR,2022-10-13 21:06:06,-0.6136,-47.3561,81.43,79,28,15.12,scattered clouds
666,Alta,NO,2022-10-13 21:01:25,69.9689,23.2717,39.18,86,75,2.3,broken clouds
667,Tottori,JP,2022-10-13 21:06:06,35.5,134.2333,58.75,89,25,3.24,scattered clouds
668,Winslow,US,2022-10-13 21:06:07,35.0242,-110.6974,78.98,14,0,5.75,clear sky
669,Namibe,AO,2022-10-13 21:06:07,-15.1961,12.1522,67.6,87,37,8.9,scattered clouds
670,Gravdal,NO,2022-10-13 21:03:13,68.1214,13.5031,40.89,87,75,2.3,broken clouds
671,Abha,SA,2022-10-13 21:04:36,18.2164,42.5053,59.25,14,0,8.05,clear sky
672,Nabire,ID,2022-10-13 21:06:08,-3.3667,135.4833,74.77,89,87,2.37,overcast clouds
673,Iranshahr,IR,2022-10-13 21:06:08,27.2025,60.6848,76.01,11,0,3.24,clear sky
674,Carolina,PR,2022-10-13 21:06:09,18.3808,-65.9574,86.72,77,40,12.66,haze
675,Mariental,NA,2022-10-13 21:06:09,-24.6333,17.9667,79.23,20,61,15.37,broken clouds
676,Ulaanbaatar,MN,2022-10-13 21:02:54,47.9077,106.8832,30.92,71,2,5.48,clear sky
677,Shelburne,CA,2022-10-13 21:06:09,44.0787,-80.2041,52.9,72,86,15.3,overcast clouds
678,Garchitorena,PH,2022-10-13 21:06:10,13.8804,123.6946,79.59,88,100,8.41,heavy intensity rain
679,Burias,PH,2022-10-13 21:06:10,11.4463,122.5497,73.83,99,100,1.77,overcast clouds
680,Kyabe,TD,2022-10-13 21:06:11,9.4515,18.9449,78.57,72,98,3.38,overcast clouds
681,Rameswaram,IN,2022-10-13 21:06:11,9.2833,79.3,81.61,78,71,13.47,broken clouds
682,Mingshui,CN,2022-10-13 21:06:12,36.7167,117.5,57.81,54,100,2.51,overcast clouds
683,Waipawa,NZ,2022-10-13 21:06:12,-41.4122,175.5153,46.96,72,94,8.12,overcast clouds
684,Agadir,MA,2022-10-13 21:06:12,30.4202,-9.5982,72.05,61,0,6.49,clear sky
685,Moron,AR,2022-10-13 21:06:13,-34.6534,-58.6198,66.02,39,2,8.08,clear sky
686,Tankhoy,RU,2022-10-13 21:06:14,51.5528,105.1306,34.99,85,97,8.32,light snow
